account_id,industry,plan_tier,seats,churn_flag,avg_mrr,total_subs,avg_sub_duration,auto_renew_rate,total_seats,total_usage_count,avg_usage_count,unique_features_used,total_errors,avg_error_rate,nb_tickets,avg_satisfaction,nb_escalations,nb_urgent_tickets
A-2e4581,EdTech,Basic,9,0,1260.3,10,,0.8,312,535,9.727272727272727,27,38,0.6909090909090909,2.0,3.0,0.0,2.0
A-43a9e3,FinTech,Basic,18,1,1250.5,8,,0.75,176,355,10.142857142857142,23,14,0.4,3.0,4.0,0.0,2.0
A-0a282f,DevTools,Basic,1,0,1219.0666666666666,15,35.666666666666664,1.0,282,821,9.891566265060241,34,48,0.5783132530120482,3.0,4.666666666666667,0.0,1.0
A-1f0ac7,HealthTech,Basic,24,0,1325.0,7,,0.7142857142857143,209,382,9.317073170731707,26,21,0.5121951219512195,2.0,,0.0,1.0
A-ce550d,HealthTech,Enterprise,35,1,5417.888888888889,9,4.5,0.6666666666666666,424,579,9.982758620689655,32,31,0.5344827586206896,7.0,3.8,1.0,4.0
A-1b9609,EdTech,Enterprise,4,0,1528.1818181818182,11,8.0,0.8181818181818182,215,457,9.72340425531915,28,21,0.44680851063829785,4.0,3.0,0.0,3.0
A-a0ca4e,Cybersecurity,Pro,11,0,1848.111111111111,9,,0.8888888888888888,176,373,9.564102564102564,26,14,0.358974358974359,6.0,3.8,3.0,2.0
A-e5d6ab,EdTech,Pro,3,0,1304.8,10,214.0,0.9,189,382,9.317073170731707,29,23,0.5609756097560976,3.0,,0.0,2.0
A-7dacce,Cybersecurity,Enterprise,12,1,2305.7,10,,0.7,216,472,9.833333333333334,27,29,0.6041666666666666,4.0,3.6666666666666665,0.0,4.0
A-10b8da,DevTools,Enterprise,14,1,1464.5,6,254.0,0.6666666666666666,116,257,9.518518518518519,23,14,0.5185185185185185,3.0,3.5,0.0,2.0
A-592832,Cybersecurity,Basic,18,1,1714.2631578947369,19,31.666666666666668,0.7894736842105263,525,1053,10.425742574257425,38,55,0.5445544554455446,3.0,5.0,0.0,1.0
A-d40bf7,FinTech,Basic,59,0,4324.7,10,,0.6,590,562,10.218181818181819,29,22,0.4,2.0,5.0,0.0,2.0
A-6c093d,DevTools,Basic,7,0,1353.5,12,179.0,0.8333333333333334,237,670,10.46875,30,30,0.46875,3.0,5.0,1.0,2.0
A-462d45,Cybersecurity,Enterprise,11,0,1952.6666666666667,12,75.5,0.8333333333333334,447,642,9.304347826086957,34,26,0.37681159420289856,4.0,4.0,0.0,3.0
A-956988,EdTech,Enterprise,1,0,2262.076923076923,13,9.0,0.7692307692307693,387,658,9.4,32,49,0.7,2.0,3.0,0.0,1.0
A-ac14bb,FinTech,Enterprise,21,0,3468.25,8,165.5,0.875,250,531,9.833333333333334,31,42,0.7777777777777778,2.0,4.0,0.0,1.0
A-463db0,HealthTech,Basic,15,0,1895.142857142857,7,,0.7142857142857143,174,367,9.91891891891892,25,13,0.35135135135135137,6.0,4.25,1.0,2.0
A-ce66f8,EdTech,Pro,29,0,1976.3333333333333,6,,1.0,182,494,10.73913043478261,29,19,0.41304347826086957,6.0,3.5,0.0,2.0
A-c4ea60,FinTech,Enterprise,18,1,1627.3333333333333,9,,0.7777777777777778,232,427,9.930232558139535,28,18,0.4186046511627907,5.0,3.6,0.0,1.0
A-832ec2,FinTech,Enterprise,4,0,1162.375,8,,0.375,132,511,10.428571428571429,31,25,0.5102040816326531,3.0,4.0,1.0,1.0
A-684255,FinTech,Enterprise,9,0,846.0,14,32.333333333333336,0.6428571428571429,209,653,9.893939393939394,34,44,0.6666666666666666,4.0,4.666666666666667,1.0,1.0
A-c42f1f,HealthTech,Pro,8,0,646.875,8,59.0,0.75,105,337,9.628571428571428,24,20,0.5714285714285714,9.0,4.0,1.0,4.0
A-4e44e8,DevTools,Enterprise,3,1,2603.214285714286,14,20.5,0.7857142857142857,348,687,9.956521739130435,32,37,0.5362318840579711,3.0,3.3333333333333335,0.0,1.0
A-30b4ca,EdTech,Basic,86,1,9492.25,8,,0.875,688,402,9.571428571428571,28,22,0.5238095238095238,3.0,4.0,0.0,0.0
A-9f2731,FinTech,Enterprise,1,0,516.1428571428571,7,,1.0,168,324,10.125,23,20,0.625,0.0,,0.0,0.0
A-32fb14,DevTools,Enterprise,26,1,1129.111111111111,9,128.5,0.7777777777777778,264,488,10.382978723404255,27,19,0.40425531914893614,5.0,4.5,0.0,3.0
A-00cac8,HealthTech,Enterprise,8,0,1569.0,9,,0.8888888888888888,138,602,10.379310344827585,30,31,0.5344827586206896,2.0,,0.0,2.0
A-35083d,HealthTech,Basic,19,1,2027.0625,16,53.0,0.875,413,791,10.98611111111111,29,37,0.5138888888888888,4.0,5.0,0.0,3.0
A-eb7fac,DevTools,Enterprise,7,0,4209.6,10,92.0,0.9,324,538,10.150943396226415,27,44,0.8301886792452831,4.0,4.0,0.0,2.0
A-b20d99,HealthTech,Basic,20,0,1581.2857142857142,7,,0.8571428571428571,161,329,9.969696969696969,22,12,0.36363636363636365,2.0,3.5,0.0,0.0
A-396e5f,Cybersecurity,Enterprise,2,0,1023.6,10,,0.8,176,540,9.818181818181818,29,23,0.41818181818181815,5.0,4.0,1.0,4.0
A-45ce7a,FinTech,Enterprise,16,0,1173.7142857142858,7,276.0,0.7142857142857143,120,424,10.871794871794872,21,30,0.7692307692307693,5.0,3.6666666666666665,0.0,0.0
A-08e34e,EdTech,Basic,14,1,1983.7272727272727,11,,0.6363636363636364,342,651,10.333333333333334,34,32,0.5079365079365079,3.0,3.0,0.0,1.0
A-8145a0,Cybersecurity,Basic,2,0,1438.3333333333333,12,129.0,0.9166666666666666,197,693,10.828125,32,27,0.421875,6.0,4.0,0.0,2.0
A-bad8c1,FinTech,Basic,7,0,1113.857142857143,7,,1.0,223,385,10.405405405405405,29,11,0.2972972972972973,1.0,4.0,0.0,1.0
A-44dc83,EdTech,Basic,5,0,114.0,4,,1.0,91,248,10.333333333333334,16,13,0.5416666666666666,7.0,4.6,0.0,4.0
A-f446b6,DevTools,Pro,5,0,1265.7777777777778,9,80.0,0.7777777777777778,148,376,9.64102564102564,27,31,0.7948717948717948,8.0,4.25,1.0,6.0
A-a45270,HealthTech,Enterprise,3,0,1677.5833333333333,12,8.0,0.75,279,733,10.32394366197183,35,53,0.7464788732394366,4.0,4.0,0.0,3.0
A-854864,FinTech,Enterprise,20,0,2459.8333333333335,6,3.0,0.8333333333333334,191,248,10.333333333333334,17,10,0.4166666666666667,5.0,4.8,0.0,2.0
A-1b7577,Cybersecurity,Pro,4,0,797.3636363636364,11,5.0,1.0,193,647,10.435483870967742,33,33,0.532258064516129,5.0,4.0,0.0,3.0
A-05f0e5,FinTech,Basic,32,0,4259.083333333333,12,,0.8333333333333334,541,706,10.537313432835822,32,46,0.6865671641791045,4.0,4.0,0.0,2.0
A-9077b0,HealthTech,Basic,2,0,509.2857142857143,7,19.0,1.0,120,493,10.717391304347826,26,31,0.6739130434782609,3.0,4.333333333333333,0.0,3.0
A-7f8241,EdTech,Pro,34,1,2634.4,15,,0.6666666666666666,538,734,9.532467532467532,34,38,0.4935064935064935,1.0,3.0,0.0,0.0
A-2bc93d,HealthTech,Basic,14,0,2491.846153846154,13,16.0,0.8461538461538461,380,666,9.940298507462687,33,31,0.4626865671641791,2.0,4.5,0.0,1.0
A-f3ff05,FinTech,Enterprise,2,0,1497.3076923076924,13,30.0,0.9230769230769231,207,672,10.181818181818182,28,36,0.5454545454545454,3.0,3.5,0.0,1.0
A-2d4502,FinTech,Basic,7,0,2907.1,10,,0.7,296,465,9.893617021276595,29,19,0.40425531914893614,3.0,5.0,0.0,2.0
A-6a4e2d,EdTech,Pro,9,0,944.9090909090909,11,241.66666666666666,0.8181818181818182,262,597,10.11864406779661,27,31,0.5254237288135594,2.0,4.5,1.0,0.0
A-eb7c38,DevTools,Enterprise,5,0,2547.3333333333335,15,91.75,0.6666666666666666,432,693,9.9,33,27,0.38571428571428573,5.0,4.333333333333333,0.0,2.0
A-c37601,EdTech,Basic,6,0,1706.25,12,23.5,0.8333333333333334,191,489,10.1875,28,21,0.4375,4.0,3.6666666666666665,0.0,2.0
A-3b5cd1,FinTech,Basic,13,0,1821.2307692307693,13,,0.6923076923076923,272,523,10.057692307692308,27,24,0.46153846153846156,5.0,4.0,0.0,2.0
A-b2225d,FinTech,Basic,47,1,1590.6666666666667,12,,0.75,567,696,9.534246575342467,34,60,0.821917808219178,2.0,3.0,0.0,2.0
A-94f8c9,HealthTech,Basic,13,0,1999.3125,16,42.0,0.875,317,746,9.688311688311689,33,63,0.8181818181818182,3.0,5.0,0.0,2.0
A-02fac6,FinTech,Pro,22,0,2400.909090909091,11,,0.8181818181818182,280,514,9.69811320754717,32,34,0.6415094339622641,6.0,4.0,0.0,2.0
A-c1dfe1,DevTools,Pro,26,0,3223.75,8,143.0,0.625,230,375,9.615384615384615,24,30,0.7692307692307693,3.0,4.0,0.0,2.0
A-32728c,DevTools,Pro,20,1,562.25,8,281.0,1.0,182,418,10.195121951219512,26,22,0.5365853658536586,2.0,3.5,0.0,0.0
A-4c38bc,HealthTech,Basic,36,1,3003.75,16,94.0,0.875,576,818,10.098765432098766,37,27,0.3333333333333333,3.0,3.5,0.0,2.0
A-1b707d,Cybersecurity,Enterprise,1,0,1166.5,8,72.0,0.625,130,399,10.5,27,12,0.3157894736842105,3.0,,0.0,0.0
A-6f8ad2,EdTech,Basic,1,0,1525.1764705882354,17,17.5,0.5882352941176471,401,924,10.5,38,59,0.6704545454545454,4.0,4.333333333333333,0.0,2.0
A-4d1e75,DevTools,Basic,20,0,2414.6153846153848,13,,0.6923076923076923,393,477,9.352941176470589,28,25,0.49019607843137253,2.0,4.0,0.0,0.0
A-9ee962,HealthTech,Basic,9,1,1046.6666666666667,9,90.5,0.7777777777777778,138,439,11.256410256410257,25,17,0.4358974358974359,3.0,4.0,0.0,1.0
A-378b99,EdTech,Pro,8,0,1009.6666666666666,12,28.0,1.0,272,565,9.741379310344827,33,38,0.6551724137931034,6.0,4.5,0.0,1.0
A-94d3da,HealthTech,Basic,41,0,1889.4166666666667,12,139.0,0.6666666666666666,492,464,9.666666666666666,29,25,0.5208333333333334,6.0,3.5,0.0,4.0
A-e351e1,EdTech,Enterprise,33,0,699.6,5,3.0,0.8,165,295,10.172413793103448,18,22,0.7586206896551724,4.0,3.75,0.0,1.0
A-9badbd,Cybersecurity,Enterprise,5,0,2498.230769230769,13,17.5,0.7692307692307693,454,729,10.414285714285715,33,45,0.6428571428571429,5.0,5.0,0.0,3.0
A-7e0a10,FinTech,Enterprise,46,0,4111.6,10,,0.7,484,511,10.22,34,35,0.7,5.0,4.0,0.0,5.0
A-118d55,Cybersecurity,Basic,8,0,1993.25,12,1.0,0.75,201,599,9.983333333333333,29,33,0.55,5.0,4.333333333333333,0.0,1.0
A-526d93,HealthTech,Basic,43,0,4355.666666666667,9,2.0,0.5555555555555556,395,565,10.089285714285714,28,45,0.8035714285714286,5.0,3.5,1.0,3.0
A-f92792,FinTech,Pro,1,0,1343.357142857143,14,,0.5714285714285714,202,528,9.962264150943396,32,31,0.5849056603773585,2.0,4.0,0.0,0.0
A-84ebe4,FinTech,Pro,18,1,2544.909090909091,11,160.0,0.9090909090909091,326,396,9.428571428571429,27,26,0.6190476190476191,4.0,4.0,0.0,1.0
A-5b4ebb,Cybersecurity,Basic,21,1,2138.6923076923076,13,35.0,0.8461538461538461,368,692,9.885714285714286,34,25,0.35714285714285715,5.0,4.75,0.0,0.0
A-2922b6,HealthTech,Basic,15,0,1778.1666666666667,6,11.0,0.8333333333333334,151,393,10.621621621621621,27,13,0.35135135135135137,2.0,4.0,0.0,2.0
A-9b9fe9,EdTech,Basic,5,0,1643.75,12,82.0,0.8333333333333334,331,597,10.293103448275861,30,22,0.3793103448275862,4.0,4.0,0.0,2.0
A-a8b49c,Cybersecurity,Basic,7,0,963.9166666666666,12,,0.9166666666666666,178,545,10.092592592592593,27,43,0.7962962962962963,1.0,4.0,0.0,0.0
A-9174e0,Cybersecurity,Basic,37,0,3598.4,15,7.0,0.8,609,689,9.985507246376812,34,61,0.8840579710144928,2.0,5.0,0.0,1.0
A-a1bbb6,DevTools,Basic,1,0,1800.25,8,130.0,0.625,113,366,9.891891891891891,23,20,0.5405405405405406,3.0,4.0,0.0,3.0
A-c45b23,FinTech,Basic,5,0,708.6666666666666,12,3.0,0.75,131,581,9.847457627118644,32,30,0.5084745762711864,3.0,3.0,0.0,3.0
A-02cd81,HealthTech,Basic,44,0,2354.0,14,35.0,0.7857142857142857,616,684,9.5,31,28,0.3888888888888889,3.0,4.5,1.0,2.0
A-ee42db,EdTech,Enterprise,13,0,963.9166666666666,12,,0.9166666666666666,315,511,9.462962962962964,31,33,0.6111111111111112,4.0,3.0,0.0,2.0
A-432483,Cybersecurity,Pro,4,0,2868.1111111111113,9,164.66666666666666,0.7777777777777778,191,451,10.022222222222222,25,28,0.6222222222222222,1.0,,0.0,1.0
A-9208f0,EdTech,Pro,1,1,438.875,8,187.0,0.875,153,538,10.150943396226415,29,31,0.5849056603773585,8.0,3.3333333333333335,1.0,1.0
A-98a59a,FinTech,Enterprise,56,0,3645.6,10,,0.6,652,455,10.340909090909092,27,21,0.4772727272727273,3.0,4.5,0.0,2.0
A-fe79a5,HealthTech,Basic,9,0,1353.2,10,117.0,0.9,114,335,10.151515151515152,22,17,0.5151515151515151,4.0,5.0,0.0,2.0
A-726cfa,DevTools,Pro,11,0,1830.6315789473683,19,216.5,0.8421052631578947,400,993,10.13265306122449,40,45,0.45918367346938777,3.0,4.0,0.0,2.0
A-c43359,FinTech,Pro,38,0,1539.0,8,17.0,1.0,304,461,9.808510638297872,28,32,0.6808510638297872,3.0,4.0,0.0,3.0
A-271f46,DevTools,Pro,38,1,2450.5,8,,1.0,312,373,9.81578947368421,25,16,0.42105263157894735,1.0,,0.0,0.0
A-157070,FinTech,Pro,16,0,1719.125,16,80.5,0.875,396,696,9.80281690140845,37,26,0.36619718309859156,3.0,3.0,1.0,1.0
A-40a557,Cybersecurity,Pro,16,0,2591.5555555555557,9,5.0,1.0,194,402,10.307692307692308,25,17,0.4358974358974359,7.0,3.6666666666666665,0.0,4.0
A-66224b,HealthTech,Pro,92,0,5765.333333333333,12,8.0,0.75,1123,626,10.262295081967213,34,29,0.47540983606557374,6.0,3.5,0.0,3.0
A-91e948,EdTech,Basic,41,0,3127.714285714286,7,,1.0,287,404,10.1,23,16,0.4,0.0,,0.0,0.0
A-104f1a,Cybersecurity,Pro,24,0,1577.125,8,87.0,0.875,338,438,9.954545454545455,28,22,0.5,5.0,3.75,1.0,1.0
A-7988d1,Cybersecurity,Basic,33,0,1188.0,9,49.0,0.7777777777777778,356,449,9.76086956521739,31,28,0.6086956521739131,3.0,4.333333333333333,0.0,2.0
A-faa28c,HealthTech,Enterprise,48,0,4171.714285714285,14,196.5,0.7857142857142857,690,585,9.915254237288135,25,24,0.4067796610169492,4.0,4.666666666666667,1.0,2.0
A-f25509,EdTech,Enterprise,32,0,3224.4,5,,0.8,200,229,9.956521739130435,17,15,0.6521739130434783,6.0,4.666666666666667,0.0,4.0
A-3a7284,FinTech,Enterprise,31,0,2959.9166666666665,12,7.0,0.9166666666666666,432,609,10.15,33,30,0.5,3.0,3.5,0.0,3.0
A-3a5ad8,HealthTech,Enterprise,9,0,2207.769230769231,13,,0.8461538461538461,328,506,9.73076923076923,27,23,0.4423076923076923,4.0,4.5,0.0,4.0
A-65a46c,HealthTech,Pro,1,0,2834.375,8,48.0,0.875,248,370,9.736842105263158,24,21,0.5526315789473685,8.0,4.0,0.0,6.0
A-8b25f2,Cybersecurity,Pro,6,1,1080.6153846153845,13,44.0,1.0,208,565,10.462962962962964,29,20,0.37037037037037035,2.0,4.0,0.0,0.0
A-fabe19,DevTools,Enterprise,1,0,2928.1428571428573,7,10.0,0.42857142857142855,137,337,10.212121212121213,20,16,0.48484848484848486,3.0,4.0,0.0,3.0
A-adc1f3,Cybersecurity,Pro,2,0,2956.4444444444443,9,12.0,0.7777777777777778,158,334,9.277777777777779,24,26,0.7222222222222222,3.0,3.5,0.0,2.0
A-503d5a,FinTech,Enterprise,4,1,1490.3333333333333,12,,0.8333333333333334,247,605,10.254237288135593,34,32,0.5423728813559322,9.0,4.0,0.0,4.0
A-fd7ad3,Cybersecurity,Enterprise,1,0,383.1,10,15.0,0.9,115,567,10.125,31,42,0.75,8.0,4.166666666666667,1.0,4.0
A-186a44,HealthTech,Enterprise,20,0,1499.2142857142858,14,8.0,0.7142857142857143,311,614,10.065573770491802,30,25,0.4098360655737705,7.0,3.5,0.0,5.0
A-e888d1,Cybersecurity,Pro,14,0,1240.5454545454545,11,271.0,0.7272727272727273,250,552,10.615384615384615,31,36,0.6923076923076923,5.0,4.0,1.0,3.0
A-69fad4,FinTech,Basic,6,1,1245.857142857143,7,178.5,0.8571428571428571,112,412,10.564102564102564,24,24,0.6153846153846154,4.0,3.6666666666666665,0.0,1.0
A-9289f6,EdTech,Enterprise,1,0,1091.3333333333333,12,5.0,0.8333333333333334,260,642,9.441176470588236,33,38,0.5588235294117647,6.0,4.333333333333333,0.0,3.0
A-f19409,DevTools,Basic,23,1,2844.6666666666665,12,65.0,0.8333333333333334,342,659,10.629032258064516,33,31,0.5,3.0,4.0,0.0,1.0
A-22f2df,DevTools,Basic,3,0,827.8888888888889,9,,0.7777777777777778,155,429,10.214285714285714,25,17,0.40476190476190477,5.0,5.0,0.0,5.0
A-039727,EdTech,Pro,25,0,2428.0,15,11.0,0.8,419,768,10.378378378378379,33,32,0.43243243243243246,0.0,,0.0,0.0
A-2e3bad,FinTech,Pro,61,0,4587.2,10,35.0,0.8,610,435,9.666666666666666,25,26,0.5777777777777777,5.0,3.5,0.0,2.0
A-484819,HealthTech,Pro,18,0,2575.5,8,232.0,0.875,156,336,10.181818181818182,22,20,0.6060606060606061,5.0,4.5,0.0,3.0
A-425e76,DevTools,Enterprise,8,1,1555.5454545454545,11,75.0,0.9090909090909091,269,438,9.125,29,24,0.5,5.0,3.3333333333333335,1.0,3.0
A-e83938,DevTools,Pro,2,1,937.875,8,,0.75,130,266,8.580645161290322,22,18,0.5806451612903226,4.0,3.0,0.0,0.0
A-ad296b,DevTools,Pro,38,0,3071.6666666666665,6,4.0,1.0,228,294,9.483870967741936,24,12,0.3870967741935484,3.0,3.6666666666666665,1.0,2.0
A-e51ec7,FinTech,Enterprise,2,0,3009.5,8,27.0,0.75,134,417,10.425,26,18,0.45,3.0,5.0,0.0,1.0
A-0aaf6e,FinTech,Enterprise,3,0,2676.0,9,8.0,0.6666666666666666,215,599,10.508771929824562,25,39,0.6842105263157895,5.0,4.0,0.0,1.0
A-e61e98,FinTech,Enterprise,19,1,1498.2222222222222,9,,0.7777777777777778,238,527,9.410714285714286,32,25,0.44642857142857145,6.0,4.6,1.0,2.0
A-92a333,FinTech,Enterprise,9,0,1776.5,6,,1.0,141,364,10.11111111111111,22,30,0.8333333333333334,4.0,,1.0,1.0
A-95b24a,FinTech,Pro,38,1,2275.818181818182,11,,0.6363636363636364,432,611,9.85483870967742,32,34,0.5483870967741935,5.0,4.25,0.0,4.0
A-42e5e1,DevTools,Pro,1,1,1273.7142857142858,7,13.0,0.8571428571428571,129,411,10.024390243902438,24,41,1.0,3.0,4.0,0.0,2.0
A-7d514c,HealthTech,Enterprise,17,0,2697.1111111111113,9,134.0,0.8888888888888888,200,502,10.458333333333334,30,30,0.625,3.0,5.0,0.0,2.0
A-65aeb5,DevTools,Pro,9,0,2866.0,12,115.66666666666667,0.75,237,533,9.690909090909091,30,40,0.7272727272727273,2.0,5.0,0.0,1.0
A-e2cd1b,DevTools,Enterprise,15,0,1394.2222222222222,9,,1.0,302,465,9.489795918367347,29,18,0.3673469387755102,5.0,4.0,0.0,3.0
A-180abf,DevTools,Pro,64,1,4145.777777777777,9,72.0,0.7777777777777778,576,499,10.395833333333334,29,28,0.5833333333333334,3.0,3.0,0.0,0.0
A-f17767,DevTools,Enterprise,1,1,1152.7857142857142,14,108.0,0.9285714285714286,191,713,10.333333333333334,35,38,0.5507246376811594,3.0,4.0,1.0,2.0
A-5a184f,DevTools,Enterprise,1,1,2068.3,10,37.0,1.0,266,587,10.298245614035087,30,29,0.5087719298245614,3.0,4.333333333333333,0.0,1.0
A-7df7a7,DevTools,Basic,7,1,1943.6666666666667,15,93.0,0.8,289,922,10.131868131868131,36,47,0.5164835164835165,3.0,4.0,1.0,3.0
A-1ac5e0,DevTools,Basic,33,1,1824.9,10,,0.5,330,558,9.964285714285714,31,31,0.5535714285714286,7.0,3.8,0.0,4.0
A-52dd88,Cybersecurity,Pro,23,0,1508.3636363636363,11,,0.6363636363636364,271,516,10.32,28,33,0.66,1.0,,0.0,0.0
A-bece89,Cybersecurity,Pro,26,0,3208.3333333333335,6,,0.6666666666666666,170,176,9.263157894736842,16,13,0.6842105263157895,4.0,4.0,1.0,2.0
A-029f69,Cybersecurity,Basic,3,0,914.875,16,20.0,0.625,220,789,9.392857142857142,37,42,0.5,2.0,3.0,0.0,1.0
A-5c046d,EdTech,Basic,93,0,10485.75,8,,0.75,744,475,10.326086956521738,27,23,0.5,1.0,3.0,0.0,0.0
A-fb186e,EdTech,Basic,29,0,1923.6666666666667,3,,0.6666666666666666,91,207,10.35,15,7,0.35,6.0,3.6666666666666665,0.0,2.0
A-ae052e,FinTech,Basic,39,0,1282.1666666666667,6,112.33333333333333,1.0,235,300,10.344827586206897,24,12,0.41379310344827586,4.0,4.0,0.0,2.0
A-9f9299,FinTech,Enterprise,28,0,2826.866666666667,15,183.0,0.6,457,830,9.764705882352942,37,54,0.6352941176470588,5.0,5.0,0.0,2.0
A-96e141,DevTools,Basic,14,0,2209.714285714286,7,12.0,1.0,172,346,9.61111111111111,26,19,0.5277777777777778,5.0,4.333333333333333,0.0,3.0
A-117171,HealthTech,Basic,45,1,2403.0,5,3.0,1.0,225,208,9.904761904761905,15,11,0.5238095238095238,6.0,3.6666666666666665,1.0,2.0
A-313be3,EdTech,Enterprise,47,0,1727.8181818181818,11,,0.7272727272727273,526,560,9.824561403508772,33,40,0.7017543859649122,4.0,5.0,1.0,3.0
A-671f31,DevTools,Basic,59,0,5064.166666666667,6,,0.8333333333333334,377,167,9.823529411764707,13,16,0.9411764705882353,7.0,4.2,0.0,5.0
A-bbc346,FinTech,Enterprise,19,0,2547.846153846154,13,39.0,0.8461538461538461,335,650,10.483870967741936,34,37,0.5967741935483871,3.0,4.5,0.0,1.0
A-c16101,EdTech,Basic,7,0,1242.2,10,,0.9,158,561,10.2,31,29,0.5272727272727272,4.0,5.0,1.0,4.0
A-50f3f7,HealthTech,Basic,31,1,2938.4666666666667,15,,0.8666666666666667,585,685,9.51388888888889,30,45,0.625,6.0,5.0,1.0,2.0
A-7da956,Cybersecurity,Pro,13,0,913.5833333333334,12,67.5,0.9166666666666666,179,543,10.647058823529411,28,35,0.6862745098039216,3.0,5.0,0.0,1.0
A-019782,DevTools,Enterprise,11,0,928.1111111111111,9,100.0,0.6666666666666666,123,562,10.218181818181819,28,30,0.5454545454545454,2.0,3.0,0.0,2.0
A-df10db,DevTools,Enterprise,2,0,1066.3636363636363,11,466.0,0.8181818181818182,188,697,10.890625,31,40,0.625,2.0,3.0,1.0,0.0
A-3932db,HealthTech,Pro,19,1,1565.2222222222222,9,17.0,1.0,269,434,9.434782608695652,28,28,0.6086956521739131,6.0,4.333333333333333,0.0,3.0
A-4f18f0,DevTools,Pro,24,0,2522.0,12,54.0,0.75,325,544,9.543859649122806,33,25,0.43859649122807015,5.0,4.0,0.0,2.0
A-4c6f11,FinTech,Pro,24,1,1517.2,5,,0.6,134,268,11.166666666666666,20,4,0.16666666666666666,3.0,4.333333333333333,0.0,3.0
A-8ae05d,FinTech,Enterprise,86,0,3747.1428571428573,7,31.0,0.7142857142857143,602,203,10.15,16,10,0.5,1.0,4.0,0.0,1.0
A-b78bf8,DevTools,Pro,33,0,2802.875,8,,1.0,280,421,10.023809523809524,24,11,0.2619047619047619,5.0,4.2,0.0,3.0
A-eafc6e,DevTools,Pro,27,1,2318.4285714285716,7,,0.8571428571428571,252,300,9.375,23,15,0.46875,1.0,,0.0,0.0
A-37f969,HealthTech,Enterprise,30,0,2869.875,8,,0.75,261,312,9.75,25,14,0.4375,5.0,3.6666666666666665,1.0,2.0
A-10b8f2,HealthTech,Basic,47,0,2559.9166666666665,12,,0.6666666666666666,632,560,10.0,29,23,0.4107142857142857,3.0,4.333333333333333,0.0,1.0
A-439b2f,DevTools,Enterprise,1,1,299.3333333333333,6,32.0,0.8333333333333334,66,171,8.55,14,5,0.25,3.0,,0.0,2.0
A-544d0a,DevTools,Basic,2,0,1849.2,10,,0.7,171,510,10.851063829787234,27,22,0.46808510638297873,2.0,4.0,1.0,1.0
A-ba6516,FinTech,Pro,27,0,2183.0,13,,0.7692307692307693,398,642,10.7,31,32,0.5333333333333333,6.0,4.0,0.0,1.0
A-712426,HealthTech,Enterprise,9,0,746.4666666666667,15,15.0,1.0,343,696,9.942857142857143,32,31,0.44285714285714284,6.0,4.4,0.0,2.0
A-038089,DevTools,Pro,5,1,701.3333333333334,3,,1.0,46,210,10.5,15,15,0.75,6.0,3.6666666666666665,0.0,2.0
A-afa505,DevTools,Basic,70,0,7334.444444444444,9,74.0,0.5555555555555556,630,507,9.941176470588236,33,28,0.5490196078431373,4.0,3.0,1.0,2.0
A-d5a319,FinTech,Enterprise,15,1,3153.9166666666665,12,,0.8333333333333334,293,604,10.23728813559322,32,43,0.7288135593220338,1.0,4.0,1.0,0.0
A-f97b9a,FinTech,Pro,16,0,2166.6363636363635,11,,0.7272727272727273,300,561,10.017857142857142,29,33,0.5892857142857143,7.0,3.6666666666666665,0.0,3.0
A-2f6a32,HealthTech,Basic,19,0,683.0,11,30.0,1.0,255,654,9.909090909090908,32,46,0.696969696969697,2.0,3.5,0.0,0.0
A-856b1e,FinTech,Basic,19,0,1053.5,6,,0.8333333333333334,148,230,10.0,17,24,1.0434782608695652,5.0,,1.0,0.0
A-17939a,HealthTech,Basic,1,0,879.0,11,1.5,0.8181818181818182,310,440,9.361702127659575,25,43,0.9148936170212766,7.0,4.5,0.0,5.0
A-d27f50,Cybersecurity,Enterprise,44,0,3734.5833333333335,12,29.333333333333332,0.75,533,481,9.62,29,31,0.62,4.0,3.75,0.0,2.0
A-e36807,EdTech,Pro,6,0,1256.9,10,50.0,0.8,316,446,9.10204081632653,27,27,0.5510204081632653,2.0,4.5,0.0,1.0
A-ff79f2,DevTools,Basic,8,1,3097.0,9,2.0,0.6666666666666666,275,393,9.585365853658537,24,12,0.2926829268292683,2.0,,0.0,0.0
A-5b1bcd,DevTools,Pro,73,0,8886.533333333333,15,406.0,0.8666666666666667,1095,869,10.104651162790697,34,54,0.627906976744186,4.0,4.5,0.0,3.0
A-71615e,EdTech,Basic,15,0,3131.769230769231,13,,0.7692307692307693,415,620,10.0,29,41,0.6612903225806451,1.0,,0.0,0.0
A-794a0b,HealthTech,Basic,23,0,1510.7142857142858,7,,0.7142857142857143,181,347,9.131578947368421,28,31,0.8157894736842105,0.0,,0.0,0.0
A-86902e,HealthTech,Enterprise,34,0,3604.1,10,379.0,0.9,367,628,9.968253968253968,32,36,0.5714285714285714,9.0,3.5,0.0,4.0
A-0532a9,FinTech,Pro,19,0,1516.1,10,,0.5,209,519,9.61111111111111,30,30,0.5555555555555556,8.0,3.0,0.0,1.0
A-9779ad,Cybersecurity,Pro,40,1,5168.0,10,,0.5,400,413,9.604651162790697,29,25,0.5813953488372093,3.0,5.0,0.0,2.0
A-f45426,HealthTech,Basic,9,0,1571.7272727272727,11,22.0,0.7272727272727273,218,624,10.229508196721312,33,49,0.8032786885245902,3.0,4.0,0.0,2.0
A-c1e51e,FinTech,Basic,3,0,2390.5,10,20.0,1.0,235,518,10.36,28,36,0.72,5.0,3.2,0.0,5.0
A-fa3095,FinTech,Basic,70,0,5769.166666666667,12,,1.0,840,600,10.169491525423728,31,42,0.711864406779661,5.0,5.0,0.0,3.0
A-ad64c6,DevTools,Pro,12,0,2451.3333333333335,6,88.0,0.6666666666666666,146,215,10.75,16,18,0.9,4.0,5.0,0.0,2.0
A-39b19f,FinTech,Enterprise,1,0,1930.6363636363637,11,72.0,0.7272727272727273,339,530,9.636363636363637,30,37,0.6727272727272727,6.0,4.25,1.0,3.0
A-56962b,EdTech,Enterprise,163,0,7800.714285714285,7,36.0,0.8571428571428571,1141,271,9.344827586206897,16,25,0.8620689655172413,4.0,3.0,0.0,1.0
A-e60f9d,FinTech,Basic,29,0,3387.8,15,7.0,0.9333333333333333,542,629,10.14516129032258,30,24,0.3870967741935484,2.0,,0.0,2.0
A-88c6ca,FinTech,Basic,5,1,921.2857142857143,7,,1.0,112,446,10.372093023255815,27,19,0.4418604651162791,1.0,,0.0,1.0
A-158f4e,FinTech,Enterprise,61,0,3654.9166666666665,12,331.0,0.8333333333333334,732,453,9.244897959183673,32,29,0.5918367346938775,5.0,4.333333333333333,0.0,3.0
A-5b051a,Cybersecurity,Enterprise,22,0,583.0,4,64.0,1.0,88,171,10.6875,14,17,1.0625,1.0,3.0,0.0,1.0
A-296d7c,DevTools,Enterprise,2,0,284.14285714285717,7,,0.7142857142857143,75,357,10.818181818181818,21,18,0.5454545454545454,5.0,3.75,0.0,2.0
A-1619f8,DevTools,Pro,29,0,2827.1428571428573,7,,0.7142857142857143,229,432,10.285714285714286,27,26,0.6190476190476191,3.0,5.0,0.0,1.0
A-a1b80b,HealthTech,Basic,16,0,2161.8125,16,80.0,0.75,349,749,10.402777777777779,33,48,0.6666666666666666,4.0,4.0,0.0,1.0
A-139c3b,HealthTech,Enterprise,10,1,1128.375,8,27.0,0.75,174,478,10.863636363636363,27,16,0.36363636363636365,9.0,4.5,0.0,4.0
A-702032,HealthTech,Pro,28,0,1423.3333333333333,6,58.0,0.8333333333333334,168,285,10.961538461538462,19,15,0.5769230769230769,4.0,3.0,0.0,1.0
A-7a0d69,DevTools,Enterprise,4,1,942.0,11,,0.9090909090909091,174,606,9.934426229508198,31,31,0.5081967213114754,2.0,5.0,0.0,2.0
A-22d9d2,DevTools,Pro,8,0,1339.0,14,95.0,0.7857142857142857,324,782,10.426666666666666,35,43,0.5733333333333334,6.0,4.0,1.0,4.0
A-b9eed8,Cybersecurity,Basic,11,0,1507.0,11,,0.8181818181818182,173,623,10.21311475409836,29,55,0.9016393442622951,5.0,3.75,1.0,2.0
A-dfbd31,DevTools,Enterprise,14,0,1791.357142857143,14,,0.7857142857142857,363,599,11.092592592592593,27,19,0.35185185185185186,6.0,4.25,0.0,3.0
A-8e47ca,HealthTech,Pro,19,0,3124.4444444444443,9,36.0,0.7777777777777778,190,441,9.58695652173913,29,35,0.7608695652173914,5.0,4.0,1.0,3.0
A-4437e4,Cybersecurity,Enterprise,3,0,1114.4375,16,302.0,0.9375,225,806,9.710843373493976,37,43,0.5180722891566265,6.0,3.0,2.0,3.0
A-779e4e,HealthTech,Basic,5,0,2808.1,10,318.5,0.9,289,393,8.931818181818182,28,20,0.45454545454545453,5.0,4.0,0.0,4.0
A-53f4e3,Cybersecurity,Enterprise,13,0,1507.2,10,60.0,0.8,258,410,9.318181818181818,29,45,1.0227272727272727,5.0,4.0,0.0,5.0
A-692f18,EdTech,Basic,5,1,1797.0588235294117,17,2.0,0.7058823529411765,270,871,10.011494252873563,36,55,0.632183908045977,2.0,5.0,0.0,1.0
A-13466a,DevTools,Basic,2,1,2223.8333333333335,6,181.5,0.8333333333333334,142,205,9.318181818181818,17,14,0.6363636363636364,3.0,4.333333333333333,1.0,2.0
A-1986ca,HealthTech,Pro,20,0,3951.5714285714284,7,,0.5714285714285714,159,362,9.783783783783784,26,23,0.6216216216216216,7.0,3.4,0.0,5.0
A-0cc442,EdTech,Basic,45,0,4764.2307692307695,13,30.0,0.6923076923076923,645,765,9.935064935064934,34,41,0.5324675324675324,3.0,3.0,0.0,1.0
A-c608c8,DevTools,Pro,3,1,1189.25,8,22.0,0.75,136,445,10.348837209302326,29,27,0.627906976744186,2.0,3.0,0.0,0.0
A-3be56b,HealthTech,Pro,3,1,1420.0,12,63.0,0.75,271,528,9.6,28,33,0.6,4.0,3.5,0.0,0.0
A-354f12,FinTech,Pro,1,0,2222.25,4,,1.0,51,158,10.533333333333333,14,3,0.2,2.0,,0.0,0.0
A-68f37c,HealthTech,Basic,4,0,2689.1666666666665,12,197.0,0.9166666666666666,383,624,9.6,30,40,0.6153846153846154,5.0,4.0,0.0,2.0
A-aa9511,DevTools,Pro,23,0,4064.6666666666665,15,48.0,0.8666666666666667,510,625,9.615384615384615,33,35,0.5384615384615384,2.0,4.0,0.0,2.0
A-af0cd2,Cybersecurity,Enterprise,19,0,587.2727272727273,11,284.5,0.8181818181818182,284,687,9.814285714285715,31,33,0.4714285714285714,3.0,,0.0,1.0
A-bd4513,DevTools,Enterprise,50,0,4350.333333333333,12,3.5,0.8333333333333334,616,507,9.941176470588236,28,34,0.6666666666666666,3.0,4.666666666666667,0.0,1.0
A-c222ab,Cybersecurity,Pro,32,1,2665.1428571428573,7,29.0,0.8571428571428571,224,435,9.666666666666666,27,33,0.7333333333333333,4.0,5.0,0.0,2.0
A-34d880,Cybersecurity,Enterprise,4,0,2329.3333333333335,9,38.0,0.6666666666666666,172,474,10.085106382978724,29,40,0.851063829787234,5.0,3.0,0.0,1.0
A-508199,FinTech,Basic,19,0,1687.2,5,,0.6,103,231,9.625,16,15,0.625,3.0,3.0,0.0,1.0
A-f03140,DevTools,Pro,27,0,2107.5,10,,0.8,282,595,10.43859649122807,32,22,0.38596491228070173,7.0,3.6666666666666665,0.0,3.0
A-410e86,FinTech,Basic,24,0,2280.0,7,8.5,0.42857142857142855,177,292,9.733333333333333,22,21,0.7,5.0,3.5,0.0,1.0
A-fa2041,HealthTech,Pro,15,0,1742.9166666666667,12,,0.9166666666666666,262,552,9.049180327868852,34,34,0.5573770491803278,1.0,3.0,0.0,0.0
A-de58ca,HealthTech,Enterprise,15,0,2173.181818181818,11,210.0,0.5454545454545454,420,505,10.306122448979592,28,33,0.673469387755102,5.0,3.3333333333333335,0.0,1.0
A-05d3b3,DevTools,Basic,9,0,970.0,13,7.0,0.7692307692307693,233,642,10.03125,32,22,0.34375,6.0,4.333333333333333,0.0,3.0
A-249769,Cybersecurity,Enterprise,4,1,1209.0,13,,1.0,172,678,9.970588235294118,31,30,0.4411764705882353,2.0,4.0,0.0,1.0
A-e43bf7,Cybersecurity,Pro,44,0,6666.571428571428,7,,0.8571428571428571,334,371,9.275,26,35,0.875,5.0,4.0,1.0,2.0
A-eb2fdc,DevTools,Enterprise,31,1,2664.0,12,117.0,0.8333333333333334,402,547,10.12962962962963,29,17,0.3148148148148148,5.0,4.5,0.0,0.0
A-e1462e,FinTech,Basic,15,0,1718.5714285714287,7,,0.7142857142857143,163,347,9.914285714285715,26,22,0.6285714285714286,2.0,3.5,0.0,2.0
A-cab532,DevTools,Pro,11,0,1339.2,15,407.0,0.9333333333333333,360,1005,9.950495049504951,38,47,0.46534653465346537,1.0,4.0,0.0,0.0
A-9123ac,Cybersecurity,Pro,9,0,2107.285714285714,7,,1.0,114,386,10.432432432432432,28,24,0.6486486486486487,6.0,4.2,0.0,3.0
A-6e08f3,Cybersecurity,Basic,8,0,1819.0,10,,0.7,172,492,9.84,28,21,0.42,2.0,3.5,0.0,1.0
A-d922bf,HealthTech,Basic,5,1,2444.8571428571427,7,50.0,1.0,132,419,10.21951219512195,24,19,0.4634146341463415,7.0,3.3333333333333335,1.0,2.0
A-8ed5dd,EdTech,Enterprise,5,1,996.3333333333334,12,195.0,0.9166666666666666,154,545,9.909090909090908,29,45,0.8181818181818182,6.0,3.75,0.0,4.0
A-7c6b6b,FinTech,Basic,6,0,688.2857142857143,7,13.5,0.8571428571428571,102,311,8.885714285714286,22,24,0.6857142857142857,5.0,4.333333333333333,0.0,2.0
A-3c1a3f,DevTools,Pro,1,0,1242.4166666666667,12,157.0,0.8333333333333334,232,497,9.745098039215685,31,22,0.43137254901960786,4.0,3.5,0.0,1.0
A-b48f73,EdTech,Pro,80,0,4045.714285714286,7,,0.5714285714285714,560,412,9.363636363636363,24,23,0.5227272727272727,3.0,4.0,0.0,2.0
A-76fa4d,HealthTech,Pro,69,0,8812.285714285714,7,24.0,0.8571428571428571,483,357,9.916666666666666,21,21,0.5833333333333334,5.0,4.5,0.0,3.0
A-b2af2e,Cybersecurity,Enterprise,5,0,778.0,4,,0.25,88,174,9.666666666666666,14,11,0.6111111111111112,2.0,4.0,0.0,0.0
A-9bfc9f,DevTools,Pro,53,0,1704.6666666666667,9,107.0,0.8888888888888888,484,376,10.162162162162161,23,18,0.4864864864864865,6.0,3.3333333333333335,1.0,3.0
A-4ae22a,EdTech,Pro,6,1,1347.4285714285713,7,139.0,0.8571428571428571,108,369,10.542857142857143,24,31,0.8857142857142857,3.0,3.0,0.0,1.0
A-fda07f,Cybersecurity,Basic,7,0,2368.1666666666665,12,,0.8333333333333334,289,681,10.476923076923077,31,39,0.6,5.0,4.0,0.0,3.0
A-de24d5,DevTools,Enterprise,5,0,1640.5384615384614,13,12.0,0.9230769230769231,272,537,10.132075471698114,29,28,0.5283018867924528,7.0,3.0,0.0,3.0
A-977ca0,HealthTech,Basic,6,1,1878.4375,16,75.5,0.8125,397,893,10.505882352941176,38,46,0.5411764705882353,3.0,4.0,0.0,2.0
A-ab438f,Cybersecurity,Enterprise,13,1,2044.75,8,32.666666666666664,0.75,261,369,10.25,25,12,0.3333333333333333,2.0,3.5,0.0,2.0
A-e89151,FinTech,Pro,8,1,2414.8888888888887,9,121.0,0.7777777777777778,176,601,10.362068965517242,30,29,0.5,2.0,5.0,0.0,0.0
A-40906c,EdTech,Basic,92,0,5366.666666666667,12,,0.8333333333333334,1104,685,10.873015873015873,32,32,0.5079365079365079,5.0,3.75,0.0,1.0
A-81edc3,Cybersecurity,Basic,5,0,1460.3333333333333,12,,0.6666666666666666,203,765,10.337837837837839,33,41,0.5540540540540541,3.0,4.0,0.0,3.0
A-328bd0,HealthTech,Enterprise,18,0,1229.1538461538462,13,36.5,0.7692307692307693,299,568,9.311475409836065,30,49,0.8032786885245902,5.0,3.6666666666666665,0.0,2.0
A-b3fe05,Cybersecurity,Pro,8,0,2721.5555555555557,9,29.0,0.8888888888888888,236,438,10.186046511627907,29,18,0.4186046511627907,4.0,3.0,0.0,4.0
A-09540c,Cybersecurity,Basic,67,0,3953.0,6,118.0,0.8333333333333334,402,297,10.607142857142858,20,16,0.5714285714285714,2.0,4.5,0.0,1.0
A-e693b6,FinTech,Enterprise,55,1,2846.25,12,13.5,0.9166666666666666,660,681,11.163934426229508,31,25,0.4098360655737705,1.0,3.0,0.0,1.0
A-2446e3,EdTech,Pro,27,0,3448.285714285714,7,,0.5714285714285714,189,496,10.333333333333334,28,32,0.6666666666666666,3.0,4.0,0.0,1.0
A-241e75,EdTech,Enterprise,3,0,718.8,5,,0.8,96,266,9.5,17,20,0.7142857142857143,4.0,4.5,0.0,1.0
A-922109,Cybersecurity,Pro,3,0,1086.0,13,165.0,0.7692307692307693,209,819,10.367088607594937,35,34,0.43037974683544306,3.0,3.0,0.0,1.0
A-ff3c73,HealthTech,Pro,21,0,481.6666666666667,9,57.0,0.7777777777777778,262,408,10.2,29,23,0.575,2.0,3.5,0.0,1.0
A-8b0451,FinTech,Enterprise,41,0,3170.9,10,43.0,0.8,412,606,10.1,32,45,0.75,7.0,3.5,0.0,5.0
A-331424,DevTools,Basic,11,0,1129.3333333333333,6,178.0,0.5,66,214,10.7,17,9,0.45,2.0,,0.0,0.0
A-51ec1b,DevTools,Enterprise,7,0,1847.8333333333333,6,46.5,0.8333333333333334,83,283,10.107142857142858,19,12,0.42857142857142855,3.0,5.0,1.0,1.0
A-bcf664,DevTools,Pro,5,0,1056.0,13,16.0,1.0,295,575,10.267857142857142,31,28,0.5,5.0,4.0,1.0,4.0
A-90a8c8,FinTech,Pro,15,0,3787.714285714286,7,,0.7142857142857143,207,404,9.853658536585366,23,20,0.4878048780487805,4.0,3.25,0.0,2.0
A-86cdb4,DevTools,Basic,2,0,394.55555555555554,9,47.0,1.0,123,492,10.040816326530612,27,24,0.4897959183673469,5.0,4.333333333333333,0.0,4.0
A-4bfa33,Cybersecurity,Basic,8,0,800.8571428571429,7,17.0,0.8571428571428571,142,329,9.13888888888889,23,17,0.4722222222222222,4.0,3.6666666666666665,0.0,3.0
A-dbc825,EdTech,Enterprise,19,0,2650.25,16,106.25,0.875,435,730,10.13888888888889,34,58,0.8055555555555556,6.0,4.0,1.0,3.0
A-c70870,Cybersecurity,Basic,31,0,5659.142857142857,7,,1.0,431,334,9.823529411764707,23,18,0.5294117647058824,5.0,4.0,0.0,1.0
A-7c4956,DevTools,Enterprise,5,1,426.125,8,196.33333333333334,0.75,121,475,10.555555555555555,27,40,0.8888888888888888,3.0,4.0,0.0,2.0
A-0651a4,HealthTech,Pro,16,0,2970.9333333333334,15,2.0,0.8666666666666667,402,705,10.217391304347826,34,37,0.5362318840579711,4.0,4.0,0.0,4.0
A-3ce5b8,FinTech,Basic,8,1,1850.0,9,,1.0,336,509,10.18,29,29,0.58,10.0,3.7142857142857144,0.0,6.0
A-bd4708,FinTech,Pro,37,0,2998.076923076923,13,,0.6923076923076923,535,653,10.203125,33,30,0.46875,4.0,3.5,0.0,2.0
A-993085,HealthTech,Basic,31,0,3230.4,15,19.0,0.8,505,665,9.5,33,50,0.7142857142857143,4.0,3.5,0.0,1.0
A-92a3af,Cybersecurity,Enterprise,25,0,3139.818181818182,11,,0.6363636363636364,362,714,10.656716417910447,35,55,0.8208955223880597,4.0,4.0,1.0,1.0
A-151c9a,FinTech,Enterprise,23,0,2850.0,5,,0.8,150,366,10.764705882352942,28,14,0.4117647058823529,2.0,3.5,0.0,1.0
A-474ad4,EdTech,Basic,8,0,808.3333333333334,15,19.5,0.6666666666666666,252,605,9.453125,34,45,0.703125,3.0,5.0,1.0,1.0
A-4ef964,HealthTech,Pro,17,0,1586.5555555555557,9,32.0,0.6666666666666666,238,487,9.938775510204081,31,33,0.673469387755102,3.0,4.0,0.0,1.0
A-fd9422,Cybersecurity,Pro,58,0,3125.5555555555557,9,38.0,0.7777777777777778,522,456,10.363636363636363,27,21,0.4772727272727273,6.0,3.5,1.0,3.0
A-0baac2,FinTech,Enterprise,14,1,3083.3333333333335,6,52.0,1.0,140,202,9.619047619047619,19,9,0.42857142857142855,6.0,4.333333333333333,0.0,4.0
A-bb1486,HealthTech,Basic,41,0,2038.375,8,13.0,0.75,383,405,9.642857142857142,24,36,0.8571428571428571,3.0,3.0,0.0,2.0
A-560d27,DevTools,Pro,23,0,3470.0833333333335,12,28.0,0.5833333333333334,410,587,9.94915254237288,27,38,0.6440677966101694,4.0,3.6666666666666665,0.0,0.0
A-0b0d6d,DevTools,Pro,3,0,2576.230769230769,13,0.5,1.0,269,582,9.387096774193548,32,48,0.7741935483870968,5.0,4.0,1.0,3.0
A-2789e3,FinTech,Enterprise,11,0,2040.75,12,,0.8333333333333334,223,680,10.461538461538462,33,45,0.6923076923076923,4.0,4.0,0.0,0.0
A-b07346,HealthTech,Pro,51,1,6283.2,5,,0.6,255,326,9.878787878787879,23,22,0.6666666666666666,3.0,3.5,0.0,2.0
A-902ef7,HealthTech,Enterprise,83,1,5540.25,8,,1.0,664,414,10.35,31,24,0.6,2.0,4.0,0.0,2.0
A-20736a,EdTech,Enterprise,50,0,5789.285714285715,7,,1.0,375,430,10.238095238095237,22,22,0.5238095238095238,4.0,3.75,0.0,3.0
A-e4bf56,HealthTech,Pro,17,1,2703.714285714286,7,17.0,0.5714285714285714,164,339,10.272727272727273,25,10,0.30303030303030304,8.0,3.6666666666666665,0.0,6.0
A-cea1f0,FinTech,Pro,8,1,1224.4,10,,0.4,152,586,10.464285714285714,28,28,0.5,5.0,4.333333333333333,0.0,3.0
A-ef84cf,EdTech,Enterprise,8,0,1501.4,5,68.0,0.6,81,309,11.035714285714286,21,11,0.39285714285714285,5.0,4.333333333333333,1.0,2.0
A-d49cc5,Cybersecurity,Basic,50,0,1665.625,8,,0.875,425,436,10.634146341463415,27,34,0.8292682926829268,4.0,4.5,0.0,2.0
A-67be94,EdTech,Enterprise,26,0,3132.8571428571427,7,154.0,0.8571428571428571,270,416,9.904761904761905,26,17,0.40476190476190477,5.0,4.0,0.0,5.0
A-4e960a,FinTech,Enterprise,12,1,1995.1666666666667,12,,0.9166666666666666,247,512,10.448979591836734,29,21,0.42857142857142855,6.0,4.0,0.0,3.0
A-c37cab,Cybersecurity,Pro,13,0,2452.75,12,59.5,0.9166666666666666,316,708,10.114285714285714,32,40,0.5714285714285714,4.0,3.75,1.0,2.0
A-533452,DevTools,Pro,9,0,1878.5454545454545,11,27.0,0.9090909090909091,320,595,9.444444444444445,32,44,0.6984126984126984,4.0,4.0,0.0,2.0
A-443b7c,Cybersecurity,Enterprise,1,1,1503.875,16,5.5,0.8125,394,618,9.80952380952381,28,29,0.4603174603174603,8.0,4.4,0.0,6.0
A-1f7acb,FinTech,Basic,64,0,5864.0,8,,0.75,512,510,9.622641509433961,26,47,0.8867924528301887,7.0,4.4,0.0,4.0
A-f51f16,HealthTech,Enterprise,1,0,1663.75,8,144.0,0.875,142,384,10.378378378378379,25,28,0.7567567567567568,4.0,3.0,0.0,3.0
A-5a3eb9,DevTools,Enterprise,18,0,1561.0,13,18.0,0.8461538461538461,397,722,10.46376811594203,34,34,0.4927536231884058,3.0,,0.0,2.0
A-5f2961,HealthTech,Basic,4,0,1471.2857142857142,7,,0.8571428571428571,171,348,9.666666666666666,22,19,0.5277777777777778,1.0,,0.0,1.0
A-417d2f,Cybersecurity,Pro,4,0,1433.3125,16,91.0,0.8125,329,722,10.169014084507042,37,31,0.43661971830985913,6.0,4.333333333333333,0.0,4.0
A-e98302,EdTech,Enterprise,16,0,2094.5,6,5.0,0.8333333333333334,183,273,9.1,21,18,0.6,9.0,4.142857142857143,0.0,5.0
A-8bde0c,DevTools,Basic,12,0,1899.888888888889,18,6.5,0.8333333333333334,476,773,9.6625,34,43,0.5375,3.0,4.0,0.0,1.0
A-bcf87c,FinTech,Pro,10,1,1979.090909090909,11,71.5,0.7272727272727273,221,503,9.314814814814815,26,19,0.35185185185185186,2.0,4.0,0.0,0.0
A-54ecc2,Cybersecurity,Enterprise,4,0,1469.8181818181818,11,,0.9090909090909091,146,607,10.839285714285714,28,39,0.6964285714285714,5.0,5.0,0.0,2.0
A-625d0b,EdTech,Basic,9,0,1081.1818181818182,11,6.0,0.9090909090909091,191,529,9.796296296296296,32,38,0.7037037037037037,5.0,3.0,0.0,3.0
A-fce879,EdTech,Pro,10,1,1359.4,5,,1.0,128,299,11.074074074074074,25,14,0.5185185185185185,2.0,4.0,0.0,1.0
A-b07b56,DevTools,Pro,25,1,1132.2666666666667,15,6.0,0.8,395,633,9.890625,32,39,0.609375,4.0,3.0,0.0,4.0
A-6da850,FinTech,Pro,5,0,1159.9375,16,27.333333333333332,0.75,262,714,10.2,30,54,0.7714285714285715,5.0,4.0,0.0,2.0
A-342303,EdTech,Pro,1,0,565.0,3,,1.0,55,141,9.4,12,5,0.3333333333333333,3.0,4.5,0.0,2.0
A-e7a1e2,Cybersecurity,Enterprise,3,0,1670.1666666666667,12,20.0,0.8333333333333334,167,703,10.338235294117647,36,36,0.5294117647058824,1.0,4.0,0.0,0.0
A-f1f639,EdTech,Basic,2,0,729.75,4,,1.0,21,139,9.928571428571429,12,10,0.7142857142857143,7.0,4.8,0.0,4.0
A-a865bd,Cybersecurity,Pro,38,0,4204.4,5,,0.6,238,230,9.583333333333334,19,13,0.5416666666666666,2.0,3.0,0.0,1.0
A-4e631b,FinTech,Enterprise,22,0,2218.0,11,,0.7272727272727273,264,502,10.244897959183673,32,29,0.5918367346938775,2.0,4.0,0.0,1.0
A-7f6b86,HealthTech,Basic,45,1,2155.777777777778,9,60.0,0.7777777777777778,433,420,10.24390243902439,27,14,0.34146341463414637,7.0,3.6666666666666665,0.0,6.0
A-8adedc,EdTech,Basic,4,1,2023.4285714285713,14,60.5,0.9285714285714286,374,583,9.557377049180328,32,33,0.5409836065573771,4.0,4.0,0.0,1.0
A-2edab2,HealthTech,Enterprise,17,0,1139.0,10,220.0,0.9,170,487,10.361702127659575,28,26,0.5531914893617021,4.0,3.0,0.0,1.0
A-149a69,DevTools,Basic,34,0,2686.0,3,,0.3333333333333333,102,208,11.555555555555555,18,9,0.5,8.0,4.2,0.0,5.0
A-a6d261,FinTech,Pro,9,0,2727.9285714285716,14,214.0,0.9285714285714286,328,627,9.952380952380953,36,29,0.4603174603174603,4.0,4.666666666666667,1.0,1.0
A-443f6f,Cybersecurity,Basic,19,0,1510.4444444444443,9,1.0,0.7777777777777778,196,527,9.410714285714286,31,28,0.5,4.0,4.666666666666667,0.0,2.0
A-202b67,HealthTech,Pro,11,0,2018.6666666666667,9,169.0,0.8888888888888888,192,447,9.717391304347826,29,40,0.8695652173913043,4.0,4.666666666666667,0.0,3.0
A-00bed1,Cybersecurity,Basic,28,0,3350.6,10,,0.9,342,514,10.07843137254902,32,27,0.5294117647058824,4.0,4.0,0.0,4.0
A-ffc04f,EdTech,Pro,13,0,1335.9333333333334,15,10.5,0.5333333333333333,290,857,9.965116279069768,37,64,0.7441860465116279,7.0,4.5,1.0,3.0
A-65c341,FinTech,Pro,11,0,3818.25,8,75.5,1.0,215,410,10.789473684210526,25,18,0.47368421052631576,5.0,4.0,0.0,4.0
A-dcc2f0,FinTech,Basic,15,0,1166.2,15,48.0,0.8666666666666667,271,833,10.960526315789474,35,26,0.34210526315789475,2.0,,0.0,1.0
A-ced9aa,DevTools,Enterprise,3,0,568.3636363636364,11,9.0,1.0,78,531,9.654545454545454,33,39,0.7090909090909091,7.0,3.0,0.0,2.0
A-3d957b,HealthTech,Pro,14,0,1975.3333333333333,6,71.0,0.6666666666666666,158,143,9.533333333333333,13,13,0.8666666666666667,3.0,3.0,0.0,3.0
A-89ee83,Cybersecurity,Pro,1,1,2264.2727272727275,11,6.5,1.0,253,565,9.576271186440678,28,26,0.4406779661016949,5.0,4.0,1.0,2.0
A-883b7d,Cybersecurity,Basic,17,0,2543.6666666666665,12,136.0,0.75,428,644,9.757575757575758,35,40,0.6060606060606061,7.0,3.6,1.0,5.0
A-dcc3f1,HealthTech,Pro,21,0,1593.375,8,,0.75,204,500,10.416666666666666,31,32,0.6666666666666666,9.0,3.8,0.0,6.0
A-c62e55,EdTech,Basic,1,0,1322.4444444444443,9,,0.7777777777777778,208,337,10.53125,24,13,0.40625,4.0,4.0,0.0,2.0
A-e4144b,EdTech,Pro,41,0,3542.4,10,,0.8,448,439,10.209302325581396,26,21,0.4883720930232558,3.0,4.0,0.0,2.0
A-e40f45,HealthTech,Pro,21,0,1689.2857142857142,7,28.0,0.8571428571428571,176,401,8.911111111111111,29,26,0.5777777777777777,7.0,4.333333333333333,0.0,4.0
A-96215d,FinTech,Enterprise,10,0,1718.6666666666667,6,,0.5,88,347,10.84375,20,21,0.65625,1.0,3.0,0.0,1.0
A-2b9d3e,EdTech,Enterprise,1,0,571.3333333333334,9,,0.8888888888888888,119,444,9.866666666666667,26,19,0.4222222222222222,3.0,5.0,0.0,2.0
A-b7724f,HealthTech,Basic,1,0,402.75,8,90.0,0.875,168,380,10.0,28,16,0.42105263157894735,3.0,3.0,0.0,1.0
A-310452,DevTools,Enterprise,9,0,2200.6,5,,0.8,86,268,10.72,20,16,0.64,5.0,3.6,0.0,1.0
A-eb1312,FinTech,Pro,25,0,1512.25,12,36.0,0.8333333333333334,363,663,10.2,31,38,0.5846153846153846,1.0,5.0,0.0,0.0
A-df1e44,Cybersecurity,Enterprise,12,0,1191.5454545454545,11,98.0,0.7272727272727273,257,420,10.0,25,14,0.3333333333333333,2.0,5.0,0.0,1.0
A-6a7c9d,Cybersecurity,Enterprise,26,1,2605.6,5,9.0,1.0,152,189,9.947368421052632,15,6,0.3157894736842105,3.0,4.0,0.0,2.0
A-cbd1a3,DevTools,Basic,6,1,1635.1,10,,0.8,177,465,10.333333333333334,29,32,0.7111111111111111,4.0,4.0,0.0,1.0
A-a8d89d,EdTech,Pro,13,0,2443.3333333333335,12,,0.9166666666666666,267,551,10.203703703703704,32,26,0.48148148148148145,2.0,5.0,0.0,0.0
A-600734,DevTools,Pro,29,1,1394.7692307692307,13,71.0,0.7692307692307693,407,660,9.565217391304348,33,30,0.43478260869565216,7.0,3.6666666666666665,1.0,5.0
A-86fc1d,DevTools,Basic,26,0,1686.7777777777778,9,5.5,0.8888888888888888,277,363,9.81081081081081,26,26,0.7027027027027027,5.0,4.0,0.0,5.0
A-78f02b,HealthTech,Enterprise,11,0,3770.25,4,,0.75,219,211,10.55,17,16,0.8,4.0,4.0,0.0,1.0
A-acb7f7,EdTech,Basic,32,0,2714.5,12,,0.8333333333333334,400,612,9.870967741935484,33,36,0.5806451612903226,3.0,3.5,0.0,1.0
A-712f1c,DevTools,Basic,17,1,3583.25,12,105.0,0.8333333333333334,379,631,9.279411764705882,32,34,0.5,6.0,4.0,0.0,3.0
A-3793ee,Cybersecurity,Enterprise,49,0,3815.0,7,320.0,0.8571428571428571,343,352,9.263157894736842,25,11,0.2894736842105263,4.0,4.0,0.0,1.0
A-9a532a,HealthTech,Enterprise,11,0,2736.25,4,,1.0,117,185,10.277777777777779,16,15,0.8333333333333334,2.0,,0.0,1.0
A-2ebb4b,HealthTech,Basic,41,0,3068.8,10,42.0,1.0,434,488,9.76,27,33,0.66,2.0,3.0,0.0,1.0
A-6843f2,HealthTech,Enterprise,21,0,1835.5555555555557,9,,1.0,191,481,10.456521739130435,24,17,0.3695652173913043,2.0,3.0,0.0,1.0
A-c9bb3e,EdTech,Pro,5,0,1521.7,10,1.0,0.9,281,474,10.304347826086957,27,20,0.43478260869565216,7.0,4.2,1.0,5.0
A-4814a3,Cybersecurity,Basic,87,1,7996.090909090909,11,55.0,0.7272727272727273,957,587,9.783333333333333,35,45,0.75,4.0,4.0,1.0,2.0
A-b7b7b7,FinTech,Basic,24,1,2379.8333333333335,12,,0.9166666666666666,375,571,10.381818181818181,31,26,0.4727272727272727,3.0,5.0,0.0,0.0
A-ccc747,HealthTech,Pro,16,1,802.0,6,76.0,0.3333333333333333,124,284,9.466666666666667,23,13,0.43333333333333335,4.0,5.0,1.0,1.0
A-bb3bd4,HealthTech,Basic,23,0,1064.5714285714287,7,,1.0,161,315,10.5,18,11,0.36666666666666664,11.0,4.142857142857143,0.0,5.0
A-09316c,FinTech,Enterprise,70,0,6363.636363636364,11,,0.9090909090909091,770,566,10.481481481481481,28,31,0.5740740740740741,4.0,3.75,1.0,1.0
A-96bbc6,Cybersecurity,Enterprise,39,0,3803.25,8,,0.875,354,482,9.83673469387755,30,25,0.5102040816326531,3.0,3.3333333333333335,0.0,1.0
A-bc4d48,EdTech,Pro,35,0,1770.0,7,,0.5714285714285714,245,321,10.03125,24,9,0.28125,6.0,4.2,1.0,4.0
A-b30291,HealthTech,Basic,5,1,537.5,10,37.0,1.0,160,519,10.8125,26,31,0.6458333333333334,1.0,,0.0,1.0
A-cdf020,DevTools,Pro,23,0,2259.0,8,223.0,0.75,251,379,9.475,25,18,0.45,4.0,4.0,0.0,2.0
A-e6afc1,DevTools,Pro,1,0,2052.909090909091,11,,0.8181818181818182,335,679,9.56338028169014,32,30,0.4225352112676056,0.0,,0.0,0.0
A-e3bd71,Cybersecurity,Basic,31,0,3784.5454545454545,11,71.0,0.7272727272727273,449,638,10.459016393442623,32,27,0.4426229508196721,4.0,4.0,0.0,2.0
A-b179bf,Cybersecurity,Basic,43,0,3586.2,5,,1.0,215,398,10.205128205128204,23,18,0.46153846153846156,6.0,4.0,0.0,4.0
A-098560,DevTools,Enterprise,1,1,1120.5454545454545,11,84.0,0.7272727272727273,217,567,10.309090909090909,32,32,0.5818181818181818,2.0,3.0,1.0,1.0
A-82861f,DevTools,Basic,41,0,4363.3,10,76.66666666666667,0.8,427,462,9.24,28,43,0.86,5.0,3.2,0.0,2.0
A-94c3cd,FinTech,Enterprise,32,0,1506.0,6,,0.6666666666666666,210,306,9.870967741935484,18,18,0.5806451612903226,4.0,3.5,1.0,2.0
A-a33200,HealthTech,Basic,29,0,2409.4166666666665,12,30.0,0.75,377,517,9.4,33,26,0.4727272727272727,3.0,4.5,0.0,1.0
A-034368,EdTech,Enterprise,19,0,2238.8,5,,0.8,125,265,9.464285714285714,20,25,0.8928571428571429,5.0,4.0,0.0,2.0
A-b54c01,DevTools,Enterprise,29,0,848.25,4,,0.75,116,226,9.826086956521738,15,17,0.7391304347826086,5.0,3.0,0.0,1.0
A-d82ef9,EdTech,Basic,26,1,1023.3571428571429,14,126.0,0.6428571428571429,423,679,9.985294117647058,32,46,0.6764705882352942,5.0,4.25,1.0,3.0
A-bb2f49,Cybersecurity,Pro,8,0,2180.909090909091,11,350.0,0.9090909090909091,328,618,10.3,31,42,0.7,3.0,4.0,0.0,2.0
A-1f559b,HealthTech,Enterprise,5,1,1175.6,10,132.0,0.6,224,400,10.0,29,27,0.675,5.0,4.2,0.0,4.0
A-5a215a,EdTech,Enterprise,87,0,7230.666666666667,18,98.66666666666667,0.8333333333333334,1566,807,10.0875,32,71,0.8875,4.0,4.0,0.0,2.0
A-3f9cc0,HealthTech,Basic,22,0,2848.5714285714284,7,,0.7142857142857143,162,407,9.69047619047619,25,24,0.5714285714285714,5.0,4.5,1.0,3.0
A-f9cc74,DevTools,Enterprise,30,0,1555.7,10,17.0,0.8,323,484,9.68,30,22,0.44,6.0,4.0,0.0,0.0
A-ed510f,Cybersecurity,Basic,42,0,3616.2,10,84.0,0.7,420,493,10.061224489795919,27,28,0.5714285714285714,9.0,4.0,0.0,4.0
A-5c9849,EdTech,Basic,19,0,4083.8888888888887,9,15.0,0.7777777777777778,332,473,10.282608695652174,30,23,0.5,4.0,,1.0,2.0
A-a7bd4b,Cybersecurity,Enterprise,5,0,569.8181818181819,11,168.66666666666666,0.8181818181818182,192,576,10.472727272727273,29,37,0.6727272727272727,6.0,3.25,0.0,4.0
A-d4ac0e,DevTools,Basic,18,0,1450.3684210526317,19,49.0,0.8947368421052632,560,793,9.9125,38,53,0.6625,4.0,3.5,0.0,2.0
A-ffdfd5,EdTech,Basic,3,1,1432.2,10,11.0,0.8,216,529,10.173076923076923,29,28,0.5384615384615384,0.0,,0.0,0.0
A-0dbdc6,Cybersecurity,Pro,30,1,3141.4444444444443,9,,0.8888888888888888,307,512,9.846153846153847,32,31,0.5961538461538461,4.0,5.0,0.0,1.0
A-7cfe77,DevTools,Pro,69,0,2553.0,5,,1.0,345,205,10.789473684210526,16,11,0.5789473684210527,7.0,3.5,0.0,3.0
A-1f0636,EdTech,Pro,105,0,8610.0,11,245.0,0.8181818181818182,1155,685,10.073529411764707,32,30,0.4411764705882353,2.0,3.5,0.0,2.0
A-40de06,Cybersecurity,Enterprise,28,1,1803.875,16,421.0,0.8125,521,902,9.912087912087912,37,43,0.4725274725274725,3.0,4.0,0.0,1.0
A-cb5333,DevTools,Pro,33,0,1641.0,16,10.0,0.75,561,796,9.707317073170731,36,34,0.4146341463414634,4.0,3.0,0.0,2.0
A-309e54,DevTools,Pro,15,0,2595.3636363636365,11,1.0,1.0,347,509,9.788461538461538,28,24,0.46153846153846156,5.0,3.0,0.0,3.0
A-6e7827,DevTools,Basic,1,0,927.1111111111111,9,7.0,0.7777777777777778,136,419,10.21951219512195,24,31,0.7560975609756098,2.0,3.5,0.0,0.0
A-50bb9f,Cybersecurity,Pro,2,0,2157.875,8,0.0,0.875,187,276,11.5,18,15,0.625,7.0,4.0,0.0,3.0
A-5fe118,Cybersecurity,Enterprise,39,0,4458.0,5,,0.8,279,233,11.095238095238095,14,12,0.5714285714285714,1.0,4.0,0.0,1.0
A-5247b3,FinTech,Pro,16,0,1071.909090909091,11,158.0,0.9090909090909091,261,610,10.166666666666666,32,29,0.48333333333333334,5.0,4.0,0.0,4.0
A-f44180,Cybersecurity,Pro,9,0,2617.090909090909,11,260.5,0.7272727272727273,224,520,10.0,27,22,0.4230769230769231,2.0,5.0,0.0,1.0
A-c16cf7,EdTech,Pro,13,0,1227.4,10,22.0,0.8,244,577,9.948275862068966,33,26,0.4482758620689655,3.0,3.5,0.0,0.0
A-d42431,FinTech,Enterprise,22,0,2351.1111111111113,9,29.0,0.7777777777777778,280,457,9.72340425531915,26,34,0.723404255319149,4.0,4.0,0.0,3.0
A-6965e1,DevTools,Basic,13,0,2313.75,12,,0.6666666666666666,211,627,10.627118644067796,27,29,0.4915254237288136,3.0,3.0,0.0,1.0
A-0354fe,Cybersecurity,Basic,34,0,2210.0,7,4.0,0.7142857142857143,238,463,10.28888888888889,28,30,0.6666666666666666,4.0,4.0,0.0,2.0
A-0a62f5,FinTech,Pro,16,0,1215.25,4,,1.0,79,244,9.76,20,7,0.28,2.0,,0.0,2.0
A-f5641b,EdTech,Pro,31,0,3912.0,10,92.0,0.6,331,438,11.23076923076923,27,18,0.46153846153846156,4.0,3.0,1.0,3.0
A-b44e3e,Cybersecurity,Basic,40,0,6217.285714285715,7,0.0,0.8571428571428571,319,387,10.18421052631579,20,13,0.34210526315789475,3.0,4.333333333333333,0.0,2.0
A-3b37d9,FinTech,Enterprise,23,0,2776.4285714285716,7,380.0,0.8571428571428571,166,451,10.488372093023257,26,21,0.4883720930232558,5.0,4.5,0.0,2.0
A-54d94a,Cybersecurity,Basic,27,0,1141.5454545454545,11,60.0,0.9090909090909091,375,582,9.864406779661017,30,28,0.4745762711864407,4.0,3.5,0.0,0.0
A-7f29a7,Cybersecurity,Basic,41,0,1714.5454545454545,11,18.333333333333332,0.6363636363636364,451,619,9.983870967741936,32,38,0.6129032258064516,1.0,4.0,0.0,1.0
A-089363,FinTech,Basic,2,0,1507.4285714285713,14,24.0,0.5714285714285714,254,628,10.295081967213115,30,33,0.5409836065573771,3.0,3.6666666666666665,0.0,1.0
A-524364,DevTools,Enterprise,3,0,1592.0,6,,1.0,189,237,9.115384615384615,18,24,0.9230769230769231,3.0,4.333333333333333,0.0,2.0
A-855a48,EdTech,Pro,14,0,3797.0,8,,0.375,214,448,10.181818181818182,26,16,0.36363636363636365,5.0,3.6666666666666665,0.0,4.0
A-756192,FinTech,Basic,19,0,2140.0,10,,0.8,288,617,9.640625,32,43,0.671875,3.0,4.0,0.0,2.0
A-49b828,FinTech,Pro,6,0,2222.0,14,,0.9285714285714286,268,687,10.569230769230769,29,45,0.6923076923076923,3.0,3.5,1.0,0.0
A-c7ffc2,Cybersecurity,Pro,30,0,3009.3333333333335,12,,0.75,508,640,10.32258064516129,30,28,0.45161290322580644,2.0,3.0,0.0,1.0
A-751c58,FinTech,Basic,15,0,1781.5454545454545,11,,0.8181818181818182,314,574,10.830188679245284,31,12,0.22641509433962265,5.0,4.333333333333333,0.0,0.0
A-72799b,DevTools,Enterprise,20,1,1731.5,10,162.0,0.8,265,550,9.821428571428571,31,34,0.6071428571428571,2.0,4.5,1.0,1.0
A-812c5b,DevTools,Basic,55,1,2298.769230769231,13,,0.9230769230769231,806,866,9.840909090909092,33,46,0.5227272727272727,4.0,4.0,0.0,3.0
A-69b156,EdTech,Pro,7,1,1588.111111111111,9,52.5,0.7777777777777778,104,360,10.0,24,20,0.5555555555555556,7.0,4.0,0.0,4.0
A-075038,HealthTech,Basic,17,0,1350.642857142857,14,,0.7857142857142857,440,743,10.614285714285714,32,31,0.44285714285714284,2.0,3.0,0.0,2.0
A-940b8b,HealthTech,Basic,1,0,1205.0,8,,0.75,192,362,10.342857142857143,23,32,0.9142857142857143,3.0,4.0,0.0,2.0
A-2d1036,FinTech,Pro,69,1,4973.307692307692,13,50.333333333333336,0.7692307692307693,897,692,10.028985507246377,31,40,0.5797101449275363,5.0,4.6,1.0,2.0
A-0f6450,FinTech,Pro,28,1,2163.6363636363635,11,,0.7272727272727273,308,539,9.981481481481481,31,39,0.7222222222222222,8.0,3.8333333333333335,1.0,1.0
A-9affe6,Cybersecurity,Pro,7,0,966.9090909090909,11,362.5,0.9090909090909091,214,473,10.063829787234043,26,16,0.3404255319148936,3.0,3.0,0.0,2.0
A-80eeb6,Cybersecurity,Enterprise,22,0,4280.5625,16,221.33333333333334,0.9375,567,725,9.539473684210526,38,43,0.5657894736842105,4.0,3.6666666666666665,1.0,3.0
A-d4e0d4,FinTech,Basic,117,0,13806.0,10,3.0,0.9,1170,488,9.959183673469388,30,33,0.673469387755102,4.0,4.0,0.0,1.0
A-c7e58b,HealthTech,Pro,3,0,769.1428571428571,7,,0.5714285714285714,72,343,10.088235294117647,22,18,0.5294117647058824,5.0,3.5,0.0,2.0
A-016043,EdTech,Basic,4,0,1501.4545454545455,11,28.0,0.5454545454545454,225,490,10.425531914893616,26,21,0.44680851063829785,3.0,4.0,0.0,2.0
A-bbe56f,HealthTech,Enterprise,21,0,1205.0,5,,1.0,106,232,10.545454545454545,13,8,0.36363636363636365,4.0,4.0,0.0,2.0
A-7c5768,HealthTech,Enterprise,3,0,376.55555555555554,9,,0.8888888888888888,188,461,10.021739130434783,27,31,0.6739130434782609,5.0,4.0,0.0,4.0
A-751bd4,Cybersecurity,Pro,10,0,95.0,2,,1.0,45,92,9.2,9,0,0.0,6.0,4.25,1.0,4.0
A-4e0e85,DevTools,Enterprise,6,0,568.0,8,,0.875,234,288,9.290322580645162,20,9,0.2903225806451613,2.0,5.0,0.0,1.0
A-ad3abd,FinTech,Pro,44,0,2413.714285714286,7,227.33333333333334,0.7142857142857143,308,296,10.206896551724139,20,11,0.3793103448275862,3.0,3.0,0.0,2.0
A-e19ff6,Cybersecurity,Enterprise,1,0,409.1666666666667,12,,0.5833333333333334,202,456,10.133333333333333,26,24,0.5333333333333333,3.0,4.666666666666667,0.0,3.0
A-7920cc,Cybersecurity,Pro,39,0,3255.5625,16,,1.0,680,601,9.693548387096774,32,28,0.45161290322580644,7.0,4.333333333333333,0.0,1.0
A-5a92e7,HealthTech,Pro,4,0,666.8947368421053,19,55.0,0.7894736842105263,308,885,10.411764705882353,37,76,0.8941176470588236,7.0,4.4,0.0,4.0
A-fdfc91,Cybersecurity,Basic,29,0,2061.2,10,102.0,0.9,427,564,10.071428571428571,32,29,0.5178571428571429,5.0,3.6666666666666665,0.0,5.0
A-1e50e0,Cybersecurity,Pro,19,1,2659.0,5,263.0,0.8,174,194,9.7,17,15,0.75,2.0,5.0,1.0,2.0
A-1e1b80,FinTech,Enterprise,50,0,4053.9166666666665,12,,0.8333333333333334,603,682,10.029411764705882,34,47,0.6911764705882353,6.0,3.2,0.0,4.0
A-659280,FinTech,Enterprise,13,1,1787.5,12,,0.25,289,613,10.216666666666667,30,34,0.5666666666666667,4.0,4.333333333333333,0.0,0.0
A-f6b2fb,DevTools,Basic,23,0,2335.9,10,127.5,0.8,257,524,9.527272727272727,29,37,0.6727272727272727,5.0,4.0,1.0,2.0
A-cb6cc6,DevTools,Basic,13,0,374.57142857142856,7,,0.42857142857142855,104,314,8.971428571428572,21,26,0.7428571428571429,3.0,3.5,0.0,2.0
A-d62e02,Cybersecurity,Pro,6,0,2132.4,10,,0.8,156,344,10.117647058823529,25,23,0.6764705882352942,1.0,4.0,0.0,1.0
A-d535f6,DevTools,Basic,12,1,823.8888888888889,9,,0.8888888888888888,198,477,10.148936170212766,26,29,0.6170212765957447,0.0,,0.0,0.0
A-39868b,FinTech,Pro,9,0,838.8,5,,0.4,53,305,10.892857142857142,22,21,0.75,6.0,4.25,0.0,2.0
A-3cc791,EdTech,Enterprise,6,0,1065.25,8,,0.75,135,447,9.717391304347826,28,30,0.6521739130434783,6.0,4.25,1.0,3.0
A-337bc1,Cybersecurity,Pro,30,0,2768.4285714285716,7,,0.8571428571428571,281,425,9.883720930232558,27,34,0.7906976744186046,4.0,4.0,1.0,2.0
A-58b9ff,DevTools,Enterprise,2,0,1741.6923076923076,13,18.0,0.6153846153846154,266,667,10.261538461538462,28,32,0.49230769230769234,2.0,4.0,1.0,0.0
A-bf7919,HealthTech,Pro,3,0,260.0,6,8.0,0.6666666666666666,59,262,10.076923076923077,23,14,0.5384615384615384,2.0,5.0,0.0,1.0
A-1d5444,Cybersecurity,Basic,24,1,2211.285714285714,14,,0.7142857142857143,370,592,10.033898305084746,28,35,0.5932203389830508,2.0,4.0,0.0,2.0
A-0f3e88,HealthTech,Basic,7,1,511.27272727272725,11,12.0,0.7272727272727273,153,598,10.135593220338983,32,28,0.4745762711864407,3.0,4.5,0.0,1.0
A-7641d3,EdTech,Pro,8,1,1096.3636363636363,11,,0.7272727272727273,237,519,10.38,28,26,0.52,5.0,4.333333333333333,2.0,3.0
A-cd458b,DevTools,Basic,10,0,2886.0666666666666,15,27.0,0.8666666666666667,349,864,10.285714285714286,34,45,0.5357142857142857,5.0,4.6,0.0,4.0
A-c16b88,HealthTech,Enterprise,23,0,2259.777777777778,9,21.0,0.6666666666666666,245,457,9.520833333333334,28,24,0.5,3.0,3.0,0.0,2.0
A-59f724,HealthTech,Enterprise,3,0,814.4166666666666,12,,0.75,250,696,10.235294117647058,33,47,0.6911764705882353,4.0,4.25,0.0,3.0
A-87aa7b,HealthTech,Pro,24,0,1430.0625,16,,0.8125,473,742,10.305555555555555,31,35,0.4861111111111111,3.0,,1.0,2.0
A-1e6fc3,EdTech,Pro,1,0,111.0,4,82.0,1.0,18,244,9.384615384615385,19,19,0.7307692307692307,5.0,3.6666666666666665,0.0,3.0
A-39ddf4,EdTech,Enterprise,40,0,3981.777777777778,9,9.0,0.7777777777777778,364,455,9.891304347826088,27,36,0.782608695652174,5.0,4.25,0.0,4.0
A-34ea2f,HealthTech,Enterprise,8,1,1215.25,12,44.0,0.6666666666666666,276,550,9.649122807017545,29,30,0.5263157894736842,8.0,3.8,0.0,3.0
A-716841,FinTech,Pro,45,0,3279.25,8,,1.0,476,344,10.117647058823529,26,13,0.38235294117647056,5.0,4.0,0.0,0.0
A-558c72,FinTech,Basic,12,0,1310.142857142857,7,18.0,0.8571428571428571,159,296,9.866666666666667,19,16,0.5333333333333333,4.0,4.5,1.0,2.0
A-b11cd0,DevTools,Pro,26,1,801.0,6,435.5,1.0,166,278,9.586206896551724,21,16,0.5517241379310345,4.0,4.0,0.0,0.0
A-cc1d8d,FinTech,Pro,5,0,688.2307692307693,13,,0.8461538461538461,224,618,9.80952380952381,33,48,0.7619047619047619,5.0,4.5,0.0,2.0
A-7f4db3,FinTech,Pro,4,0,1751.7333333333333,15,154.66666666666666,0.8666666666666667,299,844,9.377777777777778,36,46,0.5111111111111111,5.0,3.25,1.0,2.0
A-db5e9e,DevTools,Basic,4,0,1156.375,8,0.0,0.75,172,586,10.280701754385966,29,27,0.47368421052631576,2.0,5.0,0.0,0.0
A-cc102e,HealthTech,Enterprise,13,0,1006.3,10,141.0,0.8,170,394,9.162790697674419,26,39,0.9069767441860465,4.0,4.333333333333333,0.0,1.0
A-82d8a6,Cybersecurity,Basic,5,0,1645.0588235294117,17,5.5,0.8823529411764706,397,661,9.442857142857143,32,38,0.5428571428571428,5.0,3.5,0.0,3.0
A-dec005,HealthTech,Pro,21,0,3074.4,10,18.0,0.7,258,475,9.313725490196079,31,44,0.8627450980392157,2.0,3.0,0.0,1.0
A-5790f4,FinTech,Pro,1,0,3154.3333333333335,6,3.0,0.5,154,321,9.17142857142857,25,26,0.7428571428571429,4.0,4.0,1.0,1.0
A-7c83a1,Cybersecurity,Pro,12,0,1394.25,12,83.33333333333333,0.9166666666666666,218,632,10.193548387096774,29,23,0.3709677419354839,4.0,4.0,0.0,2.0
A-297a2d,HealthTech,Pro,27,0,2874.6,5,,0.8,144,244,9.76,23,22,0.88,2.0,3.0,0.0,2.0
A-4c56c9,FinTech,Enterprise,9,1,2343.923076923077,13,56.666666666666664,0.7692307692307693,290,623,9.734375,34,38,0.59375,5.0,3.75,0.0,2.0
A-cbbe12,Cybersecurity,Enterprise,40,0,2180.1666666666665,6,265.0,0.8333333333333334,249,178,8.090909090909092,14,10,0.45454545454545453,6.0,4.25,0.0,4.0
A-4a267b,FinTech,Pro,25,0,2968.7,10,53.5,0.9,313,498,9.96,31,22,0.44,4.0,4.333333333333333,0.0,2.0
A-bcbe98,Cybersecurity,Enterprise,46,0,1969.6363636363637,11,,0.8181818181818182,506,635,9.76923076923077,34,43,0.6615384615384615,7.0,4.0,1.0,4.0
A-427b69,FinTech,Basic,17,0,1995.8,10,11.0,0.7,216,698,9.971428571428572,32,36,0.5142857142857142,2.0,3.0,0.0,1.0
A-0be015,FinTech,Pro,19,0,235.6,5,9.0,0.6,107,297,10.607142857142858,19,13,0.4642857142857143,7.0,4.2,1.0,4.0
A-054577,EdTech,Basic,2,0,2787.5625,16,44.0,0.875,491,833,9.8,36,52,0.611764705882353,1.0,4.0,0.0,1.0
A-bc87bc,FinTech,Pro,3,0,1504.0,8,37.0,1.0,101,394,10.944444444444445,24,14,0.3888888888888889,7.0,3.75,0.0,4.0
A-0f7d77,FinTech,Pro,3,0,387.6666666666667,6,30.0,0.5,37,298,9.933333333333334,23,19,0.6333333333333333,5.0,5.0,0.0,3.0
A-e7beab,EdTech,Enterprise,5,0,1618.857142857143,7,128.0,1.0,176,373,10.36111111111111,22,17,0.4722222222222222,6.0,4.0,0.0,2.0
A-a09355,FinTech,Basic,14,0,2133.75,16,6.0,0.875,284,788,10.102564102564102,33,47,0.6025641025641025,5.0,4.0,0.0,3.0
A-31ab9a,FinTech,Pro,3,0,2257.4285714285716,7,,0.8571428571428571,167,340,10.0,19,23,0.6764705882352942,7.0,3.5,0.0,3.0
A-0158bb,FinTech,Basic,5,0,678.3333333333334,6,,0.8333333333333334,155,364,10.11111111111111,19,22,0.6111111111111112,1.0,3.0,0.0,1.0
A-f19b24,Cybersecurity,Pro,29,0,841.0,3,,1.0,87,119,9.916666666666666,12,10,0.8333333333333334,2.0,4.0,1.0,1.0
A-798a3f,DevTools,Enterprise,12,1,1572.4444444444443,9,190.0,0.7777777777777778,172,352,9.513513513513514,19,19,0.5135135135135135,5.0,4.0,0.0,5.0
A-42b791,FinTech,Pro,3,0,2722.8571428571427,7,31.0,0.5714285714285714,190,312,9.75,19,6,0.1875,3.0,4.0,0.0,2.0
A-068fc6,EdTech,Enterprise,35,0,2908.5,10,9.0,0.9,350,598,10.135593220338983,32,29,0.4915254237288136,5.0,4.333333333333333,0.0,4.0
A-6f50ae,FinTech,Pro,19,1,1900.5714285714287,14,,0.6428571428571429,300,811,9.771084337349398,35,48,0.5783132530120482,5.0,4.5,0.0,2.0
A-a2485e,FinTech,Pro,3,0,1462.5,6,,0.6666666666666666,135,317,11.321428571428571,22,13,0.4642857142857143,0.0,,0.0,0.0
A-bb1eaa,Cybersecurity,Basic,21,0,2076.2,5,,1.0,109,164,9.647058823529411,15,7,0.4117647058823529,6.0,4.5,0.0,5.0
A-cc98bc,DevTools,Basic,32,0,2156.7,10,51.0,0.9,367,551,10.39622641509434,29,24,0.4528301886792453,3.0,4.0,0.0,1.0
A-d77f4c,DevTools,Pro,4,0,3480.4285714285716,14,59.5,0.7857142857142857,335,617,9.951612903225806,31,32,0.5161290322580645,2.0,4.0,0.0,1.0
A-ccabf0,HealthTech,Pro,1,0,2237.9,10,82.5,0.9,186,506,10.12,31,29,0.58,4.0,3.6666666666666665,0.0,2.0
A-700ade,Cybersecurity,Enterprise,1,0,2109.375,8,29.0,0.625,165,284,9.793103448275861,20,18,0.6206896551724138,4.0,4.666666666666667,0.0,3.0
A-4a4c2d,DevTools,Enterprise,54,0,2612.769230769231,13,206.0,0.7692307692307693,702,587,9.94915254237288,28,37,0.6271186440677966,5.0,4.25,0.0,2.0
A-b7ef83,Cybersecurity,Pro,1,0,2391.2,15,4.0,0.6666666666666666,312,738,10.25,34,39,0.5416666666666666,2.0,4.0,0.0,1.0
A-e08cd3,FinTech,Pro,67,0,6456.363636363636,11,81.0,0.6363636363636364,737,432,10.046511627906977,30,21,0.4883720930232558,8.0,4.0,0.0,6.0
A-19b2c8,DevTools,Pro,20,0,2054.076923076923,13,,0.6923076923076923,287,601,9.53968253968254,31,34,0.5396825396825397,3.0,4.666666666666667,0.0,1.0
A-970c97,HealthTech,Enterprise,14,0,1922.625,8,6.0,0.5,159,444,10.090909090909092,26,24,0.5454545454545454,1.0,5.0,0.0,1.0
A-6dee43,FinTech,Basic,3,0,2070.0,11,73.0,0.7272727272727273,281,461,9.604166666666666,28,11,0.22916666666666666,5.0,4.333333333333333,0.0,5.0
A-5ed98d,DevTools,Basic,24,0,1934.75,8,,0.875,240,312,9.75,23,18,0.5625,5.0,5.0,0.0,2.0
A-c58f49,EdTech,Enterprise,70,0,10140.0,7,,1.0,490,363,9.552631578947368,24,22,0.5789473684210527,3.0,5.0,1.0,2.0
A-9c18c4,HealthTech,Pro,11,1,1782.3,10,304.5,0.9,128,556,9.928571428571429,30,37,0.6607142857142857,4.0,4.0,0.0,2.0
A-cc8c8f,DevTools,Enterprise,23,0,2228.5714285714284,7,51.0,0.8571428571428571,191,268,9.571428571428571,20,18,0.6428571428571429,2.0,3.5,0.0,2.0
A-5f7781,DevTools,Pro,22,0,2050.4,5,,0.8,173,183,10.166666666666666,16,10,0.5555555555555556,2.0,4.0,0.0,2.0
A-e1b9cd,DevTools,Pro,40,1,2469.4666666666667,15,433.0,0.6666666666666666,698,840,10.5,34,47,0.5875,1.0,3.0,0.0,1.0
A-ac85cd,EdTech,Enterprise,53,0,3438.9166666666665,12,42.0,0.9166666666666666,676,634,10.063492063492063,30,29,0.4603174603174603,3.0,3.5,0.0,0.0
A-d792a6,DevTools,Enterprise,4,0,1536.6,15,183.0,0.9333333333333333,281,690,10.147058823529411,32,40,0.5882352941176471,5.0,4.0,0.0,3.0
A-ac9111,HealthTech,Pro,21,0,1664.125,16,172.0,0.875,426,808,9.734939759036145,36,46,0.5542168674698795,3.0,5.0,0.0,2.0
A-18793f,EdTech,Basic,148,0,7144.363636363636,11,9.0,0.8181818181818182,1628,486,10.125,30,20,0.4166666666666667,5.0,3.8,0.0,2.0
A-9f0b68,EdTech,Basic,10,0,2376.5,12,,0.75,240,709,10.128571428571428,36,33,0.4714285714285714,3.0,3.0,0.0,2.0
A-d3c88e,DevTools,Pro,16,0,2014.076923076923,13,,0.6923076923076923,259,644,10.0625,33,48,0.75,3.0,4.0,0.0,3.0
A-ccb686,DevTools,Basic,10,0,1795.0833333333333,12,159.0,0.6666666666666666,275,721,10.3,35,46,0.6571428571428571,1.0,4.0,0.0,1.0
A-118f1c,Cybersecurity,Pro,32,0,6520.0,8,6.0,0.625,352,369,9.710526315789474,22,14,0.3684210526315789,1.0,3.0,0.0,0.0
A-0e966d,FinTech,Basic,11,1,1131.3636363636363,11,4.0,0.8181818181818182,260,636,9.9375,31,34,0.53125,3.0,4.5,1.0,1.0
A-b9f5b1,Cybersecurity,Pro,15,0,1010.2857142857143,7,148.0,0.7142857142857143,184,307,10.233333333333333,21,12,0.4,6.0,3.3333333333333335,1.0,2.0
A-8ae3fc,DevTools,Pro,9,0,555.875,8,,1.0,221,402,10.307692307692308,26,30,0.7692307692307693,4.0,3.5,0.0,4.0
A-55f257,FinTech,Basic,9,0,1213.7,10,,0.8,188,476,8.981132075471699,31,25,0.4716981132075472,6.0,5.0,0.0,3.0
A-d26ab4,DevTools,Basic,9,1,1845.888888888889,9,17.0,0.7777777777777778,202,458,9.956521739130435,24,24,0.5217391304347826,2.0,4.0,0.0,1.0
A-712533,EdTech,Pro,18,0,1615.1666666666667,12,,0.9166666666666666,341,571,10.381818181818181,32,35,0.6363636363636364,5.0,3.75,0.0,2.0
A-781cc0,EdTech,Pro,12,0,1144.6875,16,33.5,0.6875,265,864,9.931034482758621,31,42,0.4827586206896552,4.0,3.6666666666666665,0.0,3.0
