account_id,tenure_days,is_trial,industry_risk_score,error_rate,usage_trend_30j,nb_tickets_urgents,avg_resolution_time,satisfaction_score_moyen,downgrade_flag,auto_renew_flag
A-2e4581,511,False,0.5,0.07102803738317758,0.0,1.0,23.0,3.5,0,1
A-43a9e3,937,False,0.2,0.03943661971830986,0.0,2.0,38.0,4.0,0,1
A-0a282f,561,False,0.1,0.058465286236297195,0.0,1.0,43.666666666666664,4.666666666666667,1,1
A-1f0ac7,927,True,0.3,0.0549738219895288,0.0,0.0,29.0,4.0,0,1
A-ce550d,500,False,0.3,0.0535405872193437,0.0,2.0,42.285714285714285,3.857142857142857,0,1
A-1b9609,881,False,0.5,0.045951859956236324,0.0,1.0,43.0,3.75,0,1
A-a0ca4e,733,False,0.4,0.03753351206434316,0.0,0.0,39.166666666666664,3.8333333333333335,0,1
A-e5d6ab,1061,False,0.5,0.060209424083769635,0.0,0.0,42.666666666666664,4.0,0,1
A-7dacce,547,False,0.4,0.0614406779661017,0.0,1.0,32.5,3.75,0,1
A-10b8da,1038,False,0.1,0.054474708171206226,0.0,0.0,31.333333333333332,3.6666666666666665,0,1
A-592832,532,False,0.4,0.052231718898385564,0.0,0.0,32.666666666666664,4.333333333333333,1,1
A-d40bf7,488,False,0.2,0.03914590747330961,0.0,2.0,20.5,5.0,0,1
A-6c093d,1062,True,0.1,0.04477611940298507,0.0,0.0,40.333333333333336,4.333333333333333,0,1
A-462d45,786,True,0.4,0.040498442367601244,0.0,1.0,26.75,4.0,1,1
A-956988,466,False,0.5,0.07446808510638298,0.0,1.0,50.5,3.5,1,1
A-ac14bb,915,False,0.2,0.07909604519774012,0.0,0.0,24.5,4.0,0,1
A-463db0,461,False,0.3,0.035422343324250684,0.0,1.0,50.166666666666664,4.166666666666667,0,1
A-ce66f8,931,False,0.5,0.038461538461538464,0.0,2.0,41.666666666666664,3.8333333333333335,0,1
A-c4ea60,1098,False,0.2,0.04215456674473068,0.0,1.0,36.0,3.6,1,1
A-832ec2,843,True,0.2,0.04892367906066536,0.0,0.0,26.0,4.0,0,1
A-684255,696,False,0.2,0.06738131699846861,0.0,1.0,14.25,4.5,1,1
A-c42f1f,591,False,0.3,0.05934718100890208,0.0,1.0,31.333333333333332,4.0,1,1
A-4e44e8,568,False,0.1,0.053857350800582245,0.0,1.0,31.333333333333332,3.3333333333333335,0,1
A-30b4ca,660,False,0.5,0.05472636815920398,0.0,0.0,57.666666666666664,4.0,0,1
A-9f2731,523,False,0.2,0.06172839506172839,0.0,0.0,0.0,0.0,1,1
A-32fb14,1100,False,0.1,0.0389344262295082,0.0,3.0,34.0,4.2,0,1
A-00cac8,908,True,0.3,0.05149501661129568,0.0,2.0,33.0,4.0,1,1
A-35083d,1048,False,0.3,0.04677623261694058,0.0,0.0,49.75,4.75,0,1
A-eb7fac,865,False,0.1,0.08178438661710037,0.0,2.0,34.0,4.0,0,1
A-b20d99,896,False,0.3,0.0364741641337386,0.0,0.0,61.5,3.5,0,1
A-396e5f,525,False,0.4,0.04259259259259259,0.0,1.0,24.8,4.0,1,1
A-45ce7a,962,False,0.2,0.07075471698113207,0.0,0.0,45.4,3.8,1,1
A-08e34e,622,False,0.5,0.04915514592933948,0.0,0.0,43.0,3.3333333333333335,0,1
A-8145a0,1051,True,0.4,0.03896103896103896,0.0,1.0,23.666666666666668,4.0,0,1
A-bad8c1,1106,False,0.2,0.02857142857142857,0.0,0.0,27.0,4.0,0,1
A-44dc83,668,False,0.5,0.05241935483870968,0.0,1.0,40.857142857142854,4.428571428571429,0,1
A-f446b6,1034,True,0.1,0.08244680851063829,0.0,4.0,30.75,4.125,0,1
A-a45270,625,False,0.3,0.0723055934515689,0.0,1.0,64.0,4.0,1,1
A-854864,459,False,0.2,0.04032258064516129,0.0,0.0,44.2,4.8,0,1
A-1b7577,500,False,0.4,0.05100463678516229,0.0,2.0,27.2,4.0,1,1
A-05f0e5,1042,False,0.2,0.06515580736543909,0.0,0.0,20.0,4.0,0,1
A-9077b0,563,False,0.3,0.06288032454361055,0.0,1.0,40.333333333333336,4.333333333333333,0,1
A-7f8241,1093,False,0.5,0.051771117166212535,0.0,0.0,36.0,3.0,0,1
A-2bc93d,1093,False,0.3,0.046546546546546545,0.0,1.0,12.0,4.5,0,1
A-f3ff05,613,False,0.2,0.05357142857142857,0.0,0.0,42.666666666666664,3.6666666666666665,0,1
A-2d4502,681,False,0.2,0.04086021505376344,0.0,2.0,26.333333333333332,4.666666666666667,0,1
A-6a4e2d,1069,False,0.5,0.051926298157453935,0.0,0.0,18.5,4.5,1,1
A-eb7c38,745,False,0.1,0.03896103896103896,0.0,2.0,22.4,4.2,1,1
A-c37601,496,True,0.5,0.04294478527607362,0.0,2.0,42.25,3.75,0,1
A-3b5cd1,911,True,0.2,0.045889101338432124,0.0,2.0,27.4,4.0,1,1
A-b2225d,733,False,0.2,0.08620689655172414,0.0,0.0,42.0,3.5,1,1
A-94f8c9,712,False,0.3,0.08445040214477212,0.0,2.0,47.333333333333336,4.666666666666667,1,1
A-02fac6,1070,False,0.2,0.06614785992217899,0.0,1.0,23.333333333333332,4.0,0,1
A-c1dfe1,947,False,0.1,0.08,0.0,1.0,50.333333333333336,4.0,1,1
A-32728c,1163,False,0.1,0.05263157894736842,0.0,0.0,34.5,3.5,0,1
A-4c38bc,732,False,0.3,0.03300733496332518,0.0,1.0,48.333333333333336,3.6666666666666665,0,1
A-1b707d,971,False,0.4,0.03007518796992481,0.0,0.0,42.666666666666664,4.0,0,1
A-6f8ad2,610,False,0.5,0.06385281385281386,0.0,1.0,35.25,4.25,1,1
A-4d1e75,567,False,0.1,0.05241090146750524,0.0,0.0,15.0,4.0,1,1
A-9ee962,1107,False,0.3,0.0387243735763098,0.0,0.0,37.0,4.0,1,1
A-378b99,556,True,0.5,0.06725663716814159,0.0,0.0,28.5,4.333333333333333,1,1
A-94d3da,1043,False,0.3,0.05387931034482758,0.0,3.0,26.833333333333332,3.6666666666666665,0,1
A-e351e1,531,False,0.5,0.07457627118644068,0.0,1.0,17.0,3.75,0,1
A-9badbd,630,True,0.4,0.06172839506172839,0.0,2.0,30.2,4.4,0,1
A-7e0a10,844,False,0.2,0.0684931506849315,0.0,3.0,39.4,4.0,0,1
A-118d55,505,False,0.4,0.05509181969949917,0.0,0.0,24.2,4.2,1,1
A-526d93,696,False,0.3,0.07964601769911504,0.0,1.0,51.4,3.8,0,1
A-f92792,615,False,0.2,0.058712121212121215,0.0,0.0,45.0,4.0,1,1
A-84ebe4,1095,True,0.2,0.06565656565656566,0.0,0.0,29.5,4.0,0,1
A-5b4ebb,609,True,0.4,0.036127167630057806,0.0,0.0,35.4,4.6,0,1
A-2922b6,482,False,0.3,0.03307888040712468,0.0,1.0,15.5,4.0,0,1
A-9b9fe9,895,False,0.5,0.03685092127303183,0.0,1.0,33.5,4.0,1,1
A-a8b49c,887,False,0.4,0.07889908256880734,0.0,0.0,72.0,4.0,0,1
A-9174e0,462,False,0.4,0.08853410740203194,0.0,1.0,39.0,4.5,0,1
A-a1bbb6,1071,False,0.1,0.0546448087431694,0.0,1.0,17.666666666666668,4.0,0,1
A-c45b23,824,False,0.2,0.05163511187607573,0.0,1.0,36.666666666666664,3.6666666666666665,0,1
A-02cd81,713,False,0.3,0.04093567251461988,0.0,1.0,17.333333333333332,4.333333333333333,0,1
A-ee42db,1051,False,0.5,0.06457925636007827,0.0,1.0,33.75,3.75,1,1
A-432483,1129,False,0.4,0.06208425720620843,0.0,1.0,51.0,4.0,0,1
A-9208f0,1035,False,0.5,0.05762081784386617,0.0,1.0,41.25,3.75,0,1
A-98a59a,950,False,0.2,0.046153846153846156,0.0,1.0,37.333333333333336,4.333333333333333,1,1
A-fe79a5,749,True,0.3,0.050746268656716415,0.0,0.0,28.5,4.5,0,1
A-726cfa,984,False,0.1,0.045317220543806644,0.0,0.0,35.666666666666664,4.0,0,1
A-c43359,480,False,0.2,0.06941431670281996,0.0,2.0,26.666666666666668,4.0,1,1
A-271f46,1126,False,0.1,0.04289544235924933,0.0,0.0,36.0,4.0,0,1
A-157070,853,False,0.2,0.03735632183908046,0.0,1.0,42.333333333333336,3.6666666666666665,1,1
A-40a557,829,True,0.4,0.04228855721393035,0.0,3.0,30.571428571428573,3.857142857142857,0,1
A-66224b,509,True,0.3,0.0463258785942492,0.0,2.0,39.833333333333336,3.5,0,1
A-91e948,1137,False,0.5,0.039603960396039604,0.0,0.0,0.0,0.0,0,1
A-104f1a,571,False,0.4,0.0502283105022831,0.0,0.0,33.2,3.8,0,1
A-7988d1,812,False,0.4,0.062360801781737196,0.0,2.0,35.333333333333336,4.333333333333333,0,1
A-faa28c,771,False,0.3,0.041025641025641026,0.0,2.0,52.25,4.5,0,1
A-f25509,719,False,0.5,0.06550218340611354,0.0,2.0,42.666666666666664,4.333333333333333,1,1
A-3a7284,479,False,0.2,0.04926108374384237,0.0,2.0,56.333333333333336,3.6666666666666665,1,1
A-3a5ad8,827,True,0.3,0.045454545454545456,0.0,3.0,44.75,4.25,1,1
A-65a46c,858,False,0.3,0.05675675675675676,0.0,6.0,45.125,4.0,0,1
A-8b25f2,753,False,0.4,0.035398230088495575,0.0,0.0,35.5,4.0,1,1
A-fabe19,485,False,0.1,0.04747774480712166,0.0,2.0,40.666666666666664,4.0,0,1
A-adc1f3,583,False,0.4,0.07784431137724551,0.0,1.0,47.333333333333336,3.6666666666666665,0,1
A-503d5a,872,False,0.2,0.05289256198347107,0.0,1.0,36.55555555555556,4.0,1,1
A-fd7ad3,495,False,0.4,0.07407407407407407,0.0,2.0,48.75,4.125,0,1
A-186a44,947,False,0.3,0.04071661237785016,0.0,1.0,38.285714285714285,3.7142857142857144,1,1
A-e888d1,1079,False,0.4,0.06521739130434782,0.0,2.0,43.0,4.0,0,1
A-69fad4,1070,False,0.2,0.05825242718446602,0.0,1.0,43.0,3.75,0,1
A-9289f6,1015,False,0.5,0.059190031152647975,0.0,0.0,37.5,4.166666666666667,0,1
A-f19409,1091,False,0.1,0.04704097116843703,0.0,1.0,6.333333333333333,4.0,0,1
A-22f2df,452,False,0.1,0.039627039627039624,0.0,2.0,44.8,4.2,1,1
A-039727,494,False,0.5,0.041666666666666664,0.0,0.0,0.0,0.0,1,1
A-2e3bad,941,False,0.2,0.059770114942528735,0.0,0.0,31.4,3.8,0,1
A-484819,1114,False,0.3,0.05952380952380952,0.0,2.0,33.2,4.2,0,1
A-425e76,1029,False,0.1,0.0547945205479452,0.0,0.0,48.2,3.6,0,1
A-e83938,841,True,0.1,0.06766917293233082,0.0,0.0,31.0,3.75,0,1
A-ad296b,604,False,0.1,0.04081632653061224,0.0,2.0,28.333333333333332,3.6666666666666665,0,1
A-e51ec7,900,False,0.2,0.04316546762589928,0.0,0.0,37.0,4.333333333333333,1,1
A-0aaf6e,669,False,0.2,0.0651085141903172,0.0,0.0,45.0,4.0,0,1
A-e61e98,873,False,0.2,0.04743833017077799,0.0,1.0,30.333333333333332,4.5,0,1
A-92a333,1083,False,0.2,0.08241758241758242,0.0,0.0,23.25,4.0,1,1
A-95b24a,1009,False,0.2,0.05564648117839607,0.0,1.0,21.2,4.2,1,1
A-42e5e1,610,False,0.1,0.09975669099756691,0.0,0.0,29.0,4.0,1,1
A-7d514c,767,False,0.3,0.05976095617529881,0.0,1.0,33.333333333333336,4.333333333333333,0,1
A-65aeb5,776,False,0.1,0.075046904315197,0.0,0.0,42.5,4.5,1,1
A-e2cd1b,766,False,0.1,0.03870967741935484,0.0,2.0,37.8,4.0,0,1
A-180abf,940,False,0.1,0.056112224448897796,0.0,0.0,36.333333333333336,3.6666666666666665,0,1
A-f17767,1136,True,0.1,0.05329593267882188,0.0,1.0,36.333333333333336,4.0,1,1
A-5a184f,996,False,0.1,0.049403747870528106,0.0,0.0,15.333333333333334,4.333333333333333,1,1
A-7df7a7,1138,False,0.1,0.0509761388286334,0.0,1.0,28.0,4.0,1,1
A-1ac5e0,507,False,0.1,0.05555555555555555,0.0,0.0,40.42857142857143,3.857142857142857,0,1
A-52dd88,1114,False,0.4,0.06395348837209303,0.0,0.0,72.0,4.0,0,1
A-bece89,831,False,0.4,0.07386363636363637,0.0,2.0,32.5,4.0,0,1
A-029f69,734,False,0.4,0.053231939163498096,0.0,1.0,42.0,3.5,0,1
A-5c046d,613,False,0.5,0.04842105263157895,0.0,0.0,13.0,3.0,0,1
A-fb186e,500,False,0.5,0.033816425120772944,0.0,2.0,26.166666666666668,3.8333333333333335,0,1
A-ae052e,912,False,0.2,0.04,0.0,2.0,31.25,4.0,1,1
A-9f9299,921,True,0.2,0.06506024096385542,0.0,1.0,36.2,4.2,0,1
A-96e141,942,False,0.1,0.05491329479768786,0.0,1.0,32.8,4.2,0,1
A-117171,545,False,0.3,0.052884615384615384,0.0,1.0,32.5,3.8333333333333335,1,1
A-313be3,847,True,0.5,0.07142857142857142,0.0,3.0,22.5,4.25,0,1
A-671f31,472,False,0.1,0.09580838323353294,0.0,3.0,33.0,4.142857142857143,1,1
A-bbc346,559,False,0.2,0.05692307692307692,0.0,1.0,45.333333333333336,4.333333333333333,1,1
A-c16101,551,False,0.5,0.05169340463458111,0.0,1.0,28.0,4.25,1,1
A-50f3f7,810,False,0.3,0.06569343065693431,0.0,1.0,37.833333333333336,4.5,1,1
A-7da956,647,True,0.4,0.06445672191528545,0.0,1.0,32.666666666666664,4.333333333333333,1,1
A-019782,1057,False,0.1,0.05338078291814947,0.0,2.0,10.0,3.5,0,1
A-df10db,1009,True,0.1,0.05738880918220947,0.0,0.0,68.5,3.0,0,1
A-3932db,889,True,0.3,0.06451612903225806,0.0,2.0,41.0,4.166666666666667,1,1
A-4f18f0,689,True,0.1,0.04595588235294118,0.0,1.0,39.2,4.0,1,1
A-4c6f11,835,True,0.2,0.014925373134328358,0.0,2.0,44.666666666666664,4.333333333333333,1,1
A-8ae05d,704,False,0.2,0.04926108374384237,0.0,0.0,47.0,4.0,0,1
A-b78bf8,481,False,0.1,0.026128266033254157,0.0,3.0,24.2,4.2,1,1
A-eafc6e,979,False,0.1,0.05,0.0,0.0,64.0,4.0,0,1
A-37f969,879,False,0.3,0.04487179487179487,0.0,1.0,22.2,3.8,0,1
A-10b8f2,1155,True,0.3,0.04107142857142857,0.0,1.0,46.333333333333336,4.333333333333333,0,1
A-439b2f,749,False,0.1,0.029239766081871343,0.0,2.0,18.333333333333332,4.0,0,1
A-544d0a,678,True,0.1,0.043137254901960784,0.0,1.0,38.5,4.0,1,1
A-ba6516,864,False,0.2,0.04984423676012461,0.0,1.0,31.5,4.0,1,1
A-712426,486,False,0.3,0.04454022988505747,0.0,1.0,37.333333333333336,4.333333333333333,0,1
A-038089,813,False,0.1,0.07142857142857142,0.0,1.0,30.166666666666668,3.8333333333333335,0,1
A-afa505,805,True,0.1,0.055226824457593686,0.0,2.0,37.25,3.5,1,1
A-d5a319,1042,False,0.2,0.07119205298013245,0.0,0.0,17.0,4.0,1,1
A-f97b9a,976,False,0.2,0.058823529411764705,0.0,1.0,31.714285714285715,3.857142857142857,0,1
A-2f6a32,562,False,0.3,0.07033639143730887,0.0,0.0,41.0,3.5,0,1
A-856b1e,862,False,0.2,0.10434782608695652,0.0,0.0,36.0,4.0,0,1
A-17939a,440,False,0.3,0.09772727272727273,0.0,3.0,38.0,4.285714285714286,0,1
A-d27f50,599,False,0.4,0.06444906444906445,0.0,1.0,37.5,3.75,0,1
A-e36807,663,False,0.5,0.06053811659192825,0.0,0.0,41.0,4.5,0,1
A-ff79f2,685,False,0.1,0.030534351145038167,0.0,0.0,50.0,4.0,0,1
A-5b1bcd,907,False,0.1,0.06214039125431531,0.0,3.0,43.25,4.25,0,1
A-71615e,662,False,0.5,0.06612903225806452,0.0,0.0,49.0,4.0,0,1
A-794a0b,1013,False,0.3,0.0893371757925072,0.0,0.0,0.0,0.0,0,1
A-86902e,1044,False,0.3,0.05732484076433121,0.0,3.0,40.888888888888886,3.7777777777777777,0,1
A-0532a9,532,False,0.2,0.057803468208092484,0.0,0.0,30.75,3.875,1,1
A-9779ad,712,True,0.4,0.06053268765133172,0.0,1.0,20.666666666666668,4.333333333333333,0,1
A-f45426,583,False,0.3,0.07852564102564102,0.0,2.0,17.0,4.0,1,1
A-c1e51e,525,False,0.2,0.0694980694980695,0.0,4.0,40.0,3.2,1,1
A-fa3095,920,False,0.2,0.07,0.0,1.0,49.2,4.4,0,1
A-ad64c6,747,False,0.1,0.08372093023255814,0.0,0.0,34.0,4.25,0,1
A-39b19f,1132,False,0.2,0.06981132075471698,0.0,0.0,47.833333333333336,4.166666666666667,1,1
A-56962b,701,False,0.5,0.09225092250922509,0.0,0.0,37.5,3.75,0,1
A-e60f9d,562,False,0.2,0.03815580286168521,0.0,2.0,70.5,4.0,1,1
A-88c6ca,502,False,0.2,0.042600896860986545,0.0,1.0,56.0,4.0,0,1
A-158f4e,1104,False,0.2,0.0640176600441501,0.0,1.0,27.6,4.2,0,1
A-5b051a,583,False,0.4,0.09941520467836257,0.0,1.0,2.0,3.0,0,1
A-296d7c,854,False,0.1,0.05042016806722689,0.0,2.0,50.4,3.8,0,1
A-1619f8,660,False,0.1,0.06018518518518518,0.0,1.0,42.0,4.333333333333333,0,1
A-a1b80b,835,False,0.3,0.06408544726301736,0.0,1.0,41.0,4.0,1,1
A-139c3b,475,True,0.3,0.03347280334728033,0.0,3.0,28.444444444444443,4.222222222222222,0,1
A-702032,890,False,0.3,0.05263157894736842,0.0,0.0,26.0,3.5,0,1
A-7a0d69,634,True,0.1,0.05115511551155116,0.0,1.0,29.0,4.5,0,1
A-22d9d2,719,False,0.1,0.054987212276214836,0.0,3.0,16.0,4.0,1,1
A-b9eed8,747,False,0.4,0.08828250401284109,0.0,1.0,29.2,3.8,1,1
A-dfbd31,828,False,0.1,0.03171953255425709,0.0,0.0,29.666666666666668,4.166666666666667,1,1
A-8e47ca,755,False,0.3,0.07936507936507936,0.0,0.0,33.4,4.0,0,1
A-4437e4,907,False,0.4,0.05334987593052109,0.0,1.0,34.666666666666664,3.6666666666666665,1,1
A-779e4e,1164,False,0.3,0.05089058524173028,0.0,4.0,26.6,4.0,1,1
A-53f4e3,635,False,0.4,0.10975609756097561,0.0,3.0,28.6,4.0,0,1
A-692f18,713,True,0.5,0.06314580941446613,0.0,0.0,37.5,4.5,1,1
A-13466a,871,False,0.1,0.06829268292682927,0.0,0.0,32.333333333333336,4.333333333333333,0,1
A-1986ca,1136,False,0.3,0.06353591160220995,0.0,3.0,36.57142857142857,3.5714285714285716,0,1
A-0cc442,601,False,0.5,0.05359477124183006,0.0,1.0,37.0,3.6666666666666665,1,1
A-c608c8,1049,False,0.1,0.060674157303370786,0.0,0.0,59.0,3.5,1,1
A-3be56b,867,False,0.3,0.0625,0.0,0.0,40.25,3.5,1,1
A-354f12,682,True,0.2,0.0189873417721519,0.0,0.0,56.5,4.0,1,1
A-68f37c,970,False,0.3,0.0641025641025641,0.0,1.0,20.2,4.0,0,1
A-aa9511,883,True,0.1,0.056,0.0,1.0,56.5,4.0,1,1
A-af0cd2,1163,True,0.4,0.048034934497816595,0.0,1.0,54.333333333333336,4.0,0,1
A-bd4513,490,True,0.1,0.0670611439842209,0.0,0.0,42.0,4.666666666666667,0,1
A-c222ab,670,False,0.4,0.07586206896551724,0.0,2.0,39.0,4.25,0,1
A-34d880,699,False,0.4,0.08438818565400844,0.0,1.0,52.2,3.0,0,1
A-508199,773,False,0.2,0.06493506493506493,0.0,1.0,50.666666666666664,3.6666666666666665,0,1
A-f03140,840,True,0.1,0.03697478991596639,0.0,2.0,36.0,3.857142857142857,1,1
A-410e86,486,False,0.2,0.07191780821917808,0.0,0.0,42.6,3.8,0,1
A-fa2041,651,True,0.3,0.06159420289855073,0.0,0.0,16.0,3.0,0,1
A-de58ca,1063,False,0.3,0.06534653465346535,0.0,0.0,30.6,3.6,0,1
A-05d3b3,1018,True,0.1,0.03426791277258567,0.0,2.0,31.5,4.166666666666667,0,1
A-249769,685,False,0.4,0.04424778761061947,0.0,0.0,39.5,4.0,0,1
A-e43bf7,1083,False,0.4,0.09433962264150944,0.0,2.0,27.4,4.0,0,1
A-eb2fdc,841,False,0.1,0.031078610603290677,0.0,0.0,33.6,4.4,0,1
A-e1462e,1095,False,0.2,0.06340057636887608,0.0,1.0,39.5,3.5,1,1
A-cab532,1073,True,0.1,0.046766169154228855,0.0,0.0,32.0,4.0,1,1
A-9123ac,995,False,0.4,0.06217616580310881,0.0,2.0,38.833333333333336,4.166666666666667,1,1
A-6e08f3,1108,False,0.4,0.042682926829268296,0.0,1.0,36.5,3.5,1,1
A-d922bf,915,True,0.3,0.045346062052505964,0.0,0.0,39.142857142857146,3.7142857142857144,0,1
A-8ed5dd,986,False,0.5,0.08256880733944955,0.0,1.0,29.0,3.8333333333333335,1,1
A-7c6b6b,466,False,0.2,0.07717041800643087,0.0,0.0,52.2,4.2,0,1
A-3c1a3f,928,False,0.1,0.04426559356136821,0.0,0.0,33.25,3.75,1,1
A-b48f73,483,True,0.5,0.055825242718446605,0.0,0.0,28.666666666666668,4.0,0,1
A-76fa4d,472,False,0.3,0.058823529411764705,0.0,1.0,33.4,4.4,0,1
A-b2af2e,564,False,0.4,0.06321839080459771,0.0,0.0,39.5,4.0,1,1
A-9bfc9f,909,False,0.1,0.047872340425531915,0.0,1.0,35.333333333333336,3.6666666666666665,1,1
A-4ae22a,671,False,0.5,0.08401084010840108,0.0,1.0,14.333333333333334,3.6666666666666665,0,1
A-fda07f,577,False,0.4,0.05726872246696035,0.0,1.0,17.8,4.0,1,1
A-de24d5,491,True,0.1,0.0521415270018622,0.0,1.0,43.142857142857146,3.7142857142857144,0,1
A-977ca0,1115,False,0.3,0.051511758118701005,0.0,1.0,64.0,4.0,0,1
A-ab438f,544,False,0.4,0.032520325203252036,0.0,2.0,33.5,3.5,0,1
A-e89151,909,True,0.2,0.048252911813643926,0.0,0.0,41.5,4.5,0,1
A-40906c,714,False,0.5,0.04671532846715328,0.0,1.0,29.2,3.8,0,1
A-81edc3,863,False,0.4,0.05359477124183006,0.0,0.0,52.666666666666664,4.0,0,1
A-328bd0,1030,False,0.3,0.08626760563380281,0.0,0.0,46.0,3.8,1,1
A-b3fe05,652,False,0.4,0.0410958904109589,0.0,2.0,48.25,3.5,0,1
A-09540c,863,True,0.4,0.05387205387205387,0.0,0.0,28.0,4.5,1,1
A-e693b6,1021,False,0.2,0.03671071953010279,0.0,1.0,1.0,3.0,0,1
A-2446e3,791,False,0.5,0.06451612903225806,0.0,1.0,28.666666666666668,4.0,1,1
A-241e75,616,False,0.5,0.07518796992481203,0.0,0.0,31.5,4.25,1,1
A-922109,775,False,0.4,0.04151404151404151,0.0,0.0,25.333333333333332,3.6666666666666665,0,1
A-ff3c73,1140,False,0.3,0.056372549019607844,0.0,1.0,35.5,3.5,0,1
A-8b0451,541,False,0.2,0.07425742574257425,0.0,4.0,26.571428571428573,3.7142857142857144,0,1
A-331424,856,False,0.1,0.04205607476635514,0.0,0.0,24.5,4.0,0,1
A-51ec1b,854,False,0.1,0.04240282685512368,0.0,0.0,52.333333333333336,4.666666666666667,1,1
A-bcf664,1027,False,0.1,0.04869565217391304,0.0,2.0,36.0,4.0,0,1
A-90a8c8,564,False,0.2,0.04950495049504951,0.0,2.0,45.0,3.25,0,1
A-86cdb4,535,False,0.1,0.04878048780487805,0.0,2.0,26.4,4.2,0,1
A-4bfa33,459,True,0.4,0.05167173252279635,0.0,1.0,16.5,3.75,0,1
A-dbc825,794,False,0.5,0.07945205479452055,0.0,1.0,49.5,4.0,0,1
A-c70870,505,False,0.4,0.05389221556886228,0.0,0.0,35.6,4.0,1,1
A-7c4956,1040,False,0.1,0.08421052631578947,0.0,0.0,13.666666666666666,4.0,0,1
A-0651a4,511,False,0.3,0.0524822695035461,0.0,1.0,29.25,4.0,0,1
A-3ce5b8,916,False,0.2,0.05697445972495088,0.0,3.0,42.5,3.8,0,1
A-bd4708,598,True,0.2,0.045941807044410414,0.0,1.0,24.0,3.75,0,1
A-993085,1014,True,0.3,0.07518796992481203,0.0,0.0,46.5,3.75,1,1
A-92a3af,612,False,0.4,0.07703081232492998,0.0,0.0,57.5,4.0,1,1
A-151c9a,1139,False,0.2,0.03825136612021858,0.0,0.0,31.0,3.5,1,1
A-474ad4,834,False,0.5,0.0743801652892562,0.0,1.0,33.0,4.333333333333333,1,1
A-4ef964,734,False,0.3,0.06776180698151951,0.0,0.0,42.666666666666664,4.0,0,1
A-fd9422,706,False,0.4,0.046052631578947366,0.0,2.0,44.333333333333336,3.5,1,1
A-0baac2,650,False,0.2,0.04455445544554455,0.0,1.0,43.5,4.166666666666667,0,1
A-bb1486,491,False,0.3,0.08888888888888889,0.0,0.0,11.0,3.6666666666666665,1,1
A-560d27,675,False,0.1,0.06473594548551959,0.0,0.0,30.75,3.75,0,1
A-0b0d6d,436,False,0.1,0.08247422680412371,0.0,1.0,31.4,4.0,0,1
A-2789e3,543,False,0.2,0.0661764705882353,0.0,0.0,47.25,4.0,1,1
A-b07346,517,False,0.3,0.06748466257668712,0.0,1.0,42.333333333333336,3.6666666666666665,0,1
A-902ef7,554,False,0.3,0.057971014492753624,0.0,2.0,48.5,4.0,0,1
A-20736a,725,False,0.5,0.05116279069767442,0.0,1.0,42.25,3.75,1,1
A-e4bf56,499,False,0.3,0.029498525073746312,0.0,5.0,29.125,3.75,1,1
A-cea1f0,703,False,0.2,0.04778156996587031,0.0,2.0,42.2,4.2,1,1
A-ef84cf,740,False,0.5,0.03559870550161812,0.0,2.0,34.8,4.2,1,1
A-d49cc5,904,False,0.4,0.0779816513761468,0.0,2.0,32.0,4.25,0,1
A-67be94,1072,False,0.5,0.040865384615384616,0.0,1.0,38.6,4.0,0,1
A-4e960a,784,True,0.2,0.041015625,0.0,3.0,29.166666666666668,4.0,1,1
A-c37cab,590,False,0.4,0.05649717514124294,0.0,0.0,33.0,3.75,1,1
A-533452,484,False,0.1,0.07394957983193277,0.0,1.0,32.75,4.0,1,1
A-443b7c,551,False,0.4,0.04692556634304207,0.0,4.0,29.25,4.25,0,1
A-1f7acb,948,True,0.2,0.09215686274509804,0.0,1.0,41.714285714285715,4.285714285714286,1,1
A-f51f16,807,False,0.3,0.07291666666666667,0.0,2.0,29.25,3.5,0,1
A-5a3eb9,934,True,0.1,0.04709141274238227,0.0,1.0,24.0,4.0,1,1
A-5f2961,474,False,0.3,0.05459770114942529,0.0,0.0,53.0,4.0,0,1
A-417d2f,981,True,0.4,0.04293628808864266,0.0,2.0,43.5,4.166666666666667,0,1
A-e98302,806,True,0.5,0.06593406593406594,0.0,3.0,44.44444444444444,4.111111111111111,0,1
A-8bde0c,492,False,0.1,0.055627425614489,0.0,0.0,25.666666666666668,4.0,0,1
A-bcf87c,622,False,0.2,0.03777335984095427,0.0,0.0,63.0,4.0,1,1
A-54ecc2,1004,False,0.4,0.0642504118616145,0.0,0.0,37.4,4.4,1,1
A-625d0b,555,False,0.5,0.07183364839319471,0.0,2.0,48.4,3.8,0,1
A-fce879,533,True,0.5,0.046822742474916385,0.0,1.0,28.0,4.0,1,1
A-b07b56,488,False,0.1,0.061611374407582936,0.0,2.0,31.25,3.75,0,1
A-6da850,886,False,0.2,0.07563025210084033,0.0,1.0,49.0,4.0,1,1
A-342303,725,True,0.5,0.03546099290780142,0.0,0.0,29.333333333333332,4.333333333333333,0,1
A-e7a1e2,626,False,0.4,0.051209103840682786,0.0,0.0,45.0,4.0,0,1
A-f1f639,1109,False,0.5,0.07194244604316546,0.0,1.0,20.0,4.571428571428571,0,1
A-a865bd,904,False,0.4,0.05652173913043478,0.0,1.0,31.5,3.5,0,1
A-4e631b,725,False,0.2,0.05776892430278884,0.0,1.0,24.5,4.0,1,1
A-7f6b86,930,True,0.3,0.03333333333333333,0.0,1.0,40.42857142857143,3.857142857142857,0,1
A-8adedc,759,True,0.5,0.05660377358490566,0.0,0.0,49.25,4.0,0,1
A-2edab2,845,False,0.3,0.053388090349075976,0.0,0.0,30.0,3.75,0,1
A-149a69,510,False,0.1,0.04326923076923077,0.0,3.0,33.875,4.125,0,1
A-a6d261,833,False,0.2,0.046251993620414676,0.0,0.0,40.0,4.5,0,1
A-443f6f,459,False,0.4,0.05313092979127135,0.0,1.0,28.0,4.5,0,1
A-202b67,719,False,0.3,0.0894854586129754,0.0,2.0,36.75,4.5,0,1
A-00bed1,848,True,0.4,0.05252918287937743,0.0,2.0,31.75,4.0,0,1
A-ffc04f,643,False,0.5,0.07467911318553092,0.0,1.0,17.714285714285715,4.285714285714286,1,1
A-65c341,806,True,0.2,0.04390243902439024,0.0,1.0,41.4,4.0,0,1
A-dcc2f0,963,False,0.2,0.031212484993997598,0.0,1.0,27.0,4.0,0,1
A-ced9aa,522,False,0.1,0.07344632768361582,0.0,1.0,28.857142857142858,3.857142857142857,0,1
A-3d957b,706,False,0.3,0.09090909090909091,0.0,1.0,41.333333333333336,3.6666666666666665,0,1
A-89ee83,523,False,0.4,0.04601769911504425,0.0,2.0,21.8,4.0,0,1
A-883b7d,713,False,0.4,0.062111801242236024,0.0,4.0,25.571428571428573,3.7142857142857144,0,1
A-dcc3f1,805,False,0.3,0.064,0.0,3.0,35.666666666666664,3.888888888888889,1,1
A-c62e55,1127,True,0.5,0.03857566765578635,0.0,2.0,27.5,4.0,0,1
A-e4144b,505,False,0.5,0.04783599088838269,0.0,1.0,57.0,4.0,0,1
A-e40f45,692,False,0.3,0.06483790523690773,0.0,2.0,26.714285714285715,4.142857142857143,0,1
A-96215d,580,False,0.2,0.06051873198847262,0.0,1.0,25.0,3.0,0,1
A-2b9d3e,1011,False,0.5,0.04279279279279279,0.0,1.0,34.666666666666664,4.333333333333333,0,1
A-b7724f,1079,False,0.3,0.042105263157894736,0.0,1.0,28.666666666666668,3.3333333333333335,0,1
A-310452,441,False,0.1,0.05970149253731343,0.0,1.0,34.2,3.6,0,1
A-eb1312,541,False,0.2,0.05731523378582202,0.0,0.0,68.0,5.0,0,1
A-df1e44,747,False,0.4,0.03333333333333333,0.0,0.0,53.0,4.5,1,1
A-6a7c9d,503,False,0.4,0.031746031746031744,0.0,0.0,34.333333333333336,4.0,0,1
A-cbd1a3,471,False,0.1,0.06881720430107527,0.0,1.0,34.5,4.0,0,1
A-a8d89d,824,False,0.5,0.047186932849364795,0.0,0.0,44.5,4.5,0,1
A-600734,848,True,0.1,0.045454545454545456,0.0,3.0,52.57142857142857,3.857142857142857,0,1
A-86fc1d,593,False,0.1,0.07162534435261708,0.0,3.0,27.0,4.0,0,1
A-78f02b,479,False,0.3,0.07582938388625593,0.0,0.0,45.75,4.0,0,1
A-acb7f7,795,False,0.5,0.058823529411764705,0.0,1.0,41.0,3.6666666666666665,1,1
A-712f1c,816,False,0.1,0.05388272583201268,0.0,2.0,41.666666666666664,4.0,0,1
A-3793ee,1086,True,0.4,0.03125,0.0,0.0,43.75,4.0,1,1
A-9a532a,613,False,0.3,0.08108108108108109,0.0,0.0,57.5,4.0,0,1
A-2ebb4b,1031,False,0.3,0.06762295081967214,0.0,0.0,43.5,3.0,0,1
A-6843f2,456,False,0.3,0.035343035343035345,0.0,0.0,36.5,3.0,1,1
A-c9bb3e,717,False,0.5,0.04219409282700422,0.0,2.0,27.714285714285715,4.142857142857143,0,1
A-4814a3,540,False,0.4,0.07666098807495741,0.0,2.0,18.75,4.0,1,1
A-b7b7b7,619,False,0.2,0.04553415061295972,0.0,0.0,17.0,4.666666666666667,0,1
A-ccc747,789,False,0.3,0.045774647887323945,0.0,1.0,32.25,4.25,0,1
A-bb3bd4,774,False,0.3,0.03492063492063492,0.0,3.0,32.72727272727273,4.090909090909091,0,1
A-09316c,546,False,0.2,0.054770318021201414,0.0,0.0,54.75,3.75,0,1
A-96bbc6,673,False,0.4,0.05186721991701245,0.0,0.0,51.333333333333336,3.3333333333333335,1,1
A-bc4d48,637,True,0.5,0.028037383177570093,0.0,1.0,41.166666666666664,4.166666666666667,0,1
A-b30291,705,True,0.3,0.05973025048169557,0.0,1.0,16.0,4.0,0,1
A-cdf020,938,False,0.1,0.047493403693931395,0.0,1.0,29.5,4.0,0,1
A-e6afc1,1111,False,0.1,0.044182621502209134,0.0,0.0,0.0,0.0,0,1
A-e3bd71,1082,False,0.4,0.04231974921630094,0.0,1.0,30.25,4.0,1,1
A-b179bf,500,False,0.4,0.04522613065326633,0.0,2.0,24.666666666666668,4.0,0,1
A-098560,872,False,0.1,0.0564373897707231,0.0,0.0,28.0,3.0,0,1
A-82861f,685,False,0.1,0.09307359307359307,0.0,2.0,24.4,3.2,0,1
A-94c3cd,903,False,0.2,0.058823529411764705,0.0,1.0,44.75,3.75,0,1
A-a33200,542,False,0.3,0.05029013539651837,0.0,1.0,36.333333333333336,4.333333333333333,0,1
A-034368,857,False,0.5,0.09433962264150944,0.0,1.0,41.2,4.0,0,1
A-b54c01,528,False,0.1,0.0752212389380531,0.0,0.0,42.6,3.6,0,1
A-d82ef9,617,False,0.5,0.06774668630338733,0.0,2.0,39.8,4.2,1,1
A-bb2f49,1018,False,0.4,0.06796116504854369,0.0,1.0,22.333333333333332,4.0,1,1
A-1f559b,919,True,0.3,0.0675,0.0,2.0,50.4,4.2,1,1
A-5a215a,796,False,0.5,0.08798017348203221,0.0,2.0,29.5,4.0,0,1
A-3f9cc0,646,False,0.3,0.05896805896805897,0.0,2.0,34.8,4.2,1,1
A-f9cc74,515,True,0.1,0.045454545454545456,0.0,0.0,49.833333333333336,4.0,0,1
A-ed510f,1149,False,0.4,0.056795131845841784,0.0,3.0,44.55555555555556,4.0,0,1
A-5c9849,493,False,0.5,0.048625792811839326,0.0,2.0,59.5,4.0,0,1
A-a7bd4b,1120,False,0.4,0.0642361111111111,0.0,1.0,36.833333333333336,3.5,0,1
A-d4ac0e,690,False,0.1,0.06683480453972257,0.0,0.0,21.0,3.75,0,1
A-ffdfd5,697,False,0.5,0.052930056710775046,0.0,0.0,0.0,0.0,0,1
A-0dbdc6,1123,False,0.4,0.060546875,0.0,0.0,47.0,4.25,0,1
A-7cfe77,609,False,0.1,0.05365853658536585,0.0,1.0,30.714285714285715,3.7142857142857144,1,1
A-1f0636,800,False,0.5,0.043795620437956206,0.0,0.0,38.5,3.5,0,1
A-40de06,1038,False,0.4,0.04767184035476718,0.0,1.0,40.333333333333336,4.0,1,1
A-cb5333,715,False,0.1,0.04271356783919598,0.0,1.0,30.75,3.75,1,1
A-309e54,457,False,0.1,0.047151277013752456,0.0,2.0,23.8,3.8,1,1
A-6e7827,1081,False,0.1,0.07398568019093078,0.0,0.0,51.0,3.5,0,1
A-50bb9f,607,False,0.4,0.05434782608695652,0.0,2.0,33.285714285714285,4.0,0,1
A-5fe118,489,False,0.4,0.05150214592274678,0.0,1.0,19.0,4.0,0,1
A-5247b3,729,True,0.2,0.047540983606557376,0.0,2.0,45.8,4.0,0,1
A-f44180,1122,False,0.4,0.04230769230769231,0.0,1.0,46.5,5.0,0,1
A-c16cf7,511,True,0.5,0.045060658578856154,0.0,0.0,48.333333333333336,3.6666666666666665,0,1
A-d42431,640,True,0.2,0.07439824945295405,0.0,2.0,24.25,4.0,1,1
A-6965e1,471,False,0.1,0.046251993620414676,0.0,0.0,39.0,3.6666666666666665,1,1
A-0354fe,505,False,0.4,0.06479481641468683,0.0,0.0,20.0,4.0,0,1
A-0a62f5,546,False,0.2,0.028688524590163935,0.0,1.0,33.5,4.0,0,1
A-f5641b,711,False,0.5,0.0410958904109589,0.0,1.0,47.5,3.5,1,1
A-b44e3e,758,False,0.4,0.03359173126614987,0.0,2.0,40.0,4.333333333333333,0,1
A-3b37d9,1139,False,0.2,0.04656319290465632,0.0,1.0,36.0,4.2,0,1
A-54d94a,1045,False,0.4,0.048109965635738834,0.0,0.0,53.75,3.75,1,1
A-7f29a7,539,True,0.4,0.061389337641357025,0.0,1.0,24.0,4.0,0,1
A-089363,1040,False,0.2,0.052547770700636945,0.0,0.0,35.0,3.6666666666666665,0,1
A-524364,435,False,0.1,0.10126582278481013,0.0,1.0,47.666666666666664,4.333333333333333,0,1
A-855a48,810,True,0.5,0.03571428571428571,0.0,1.0,39.6,3.8,1,1
A-756192,1004,False,0.2,0.06969205834683954,0.0,2.0,37.333333333333336,4.0,0,1
A-49b828,1041,False,0.2,0.06550218340611354,0.0,0.0,13.666666666666666,3.6666666666666665,0,1
A-c7ffc2,1139,True,0.4,0.04375,0.0,0.0,64.0,3.5,0,1
A-751c58,601,False,0.2,0.020905923344947737,0.0,0.0,39.6,4.2,0,1
A-72799b,849,False,0.1,0.06181818181818182,0.0,0.0,33.5,4.5,1,1
A-812c5b,745,False,0.1,0.053117782909930716,0.0,2.0,27.0,4.0,0,1
A-69b156,841,False,0.5,0.05555555555555555,0.0,0.0,32.0,4.0,1,1
A-075038,1034,False,0.3,0.04172274562584118,0.0,0.0,43.5,3.0,0,1
A-940b8b,722,False,0.3,0.08839779005524862,0.0,1.0,41.333333333333336,4.0,1,1
A-2d1036,635,False,0.2,0.057803468208092484,0.0,1.0,37.8,4.6,1,1
A-0f6450,439,True,0.2,0.07235621521335807,0.0,1.0,29.75,3.875,0,1
A-9affe6,1085,False,0.4,0.03382663847780127,0.0,1.0,58.0,3.6666666666666665,0,1
A-80eeb6,1037,False,0.4,0.05931034482758621,0.0,1.0,40.25,3.75,1,1
A-d4e0d4,509,False,0.2,0.06762295081967214,0.0,0.0,39.25,4.0,1,1
A-c7e58b,990,False,0.3,0.052478134110787174,0.0,1.0,30.6,3.6,0,1
A-016043,588,True,0.5,0.04285714285714286,0.0,0.0,30.333333333333332,4.0,0,1
A-bbe56f,1119,False,0.3,0.034482758620689655,0.0,1.0,26.25,4.0,0,1
A-7c5768,739,False,0.3,0.06724511930585683,0.0,2.0,28.8,4.0,0,1
A-751bd4,607,False,0.4,0.0,0.0,3.0,23.166666666666668,4.166666666666667,0,1
A-4e0e85,915,False,0.1,0.03125,0.0,0.0,53.0,4.5,0,1
A-ad3abd,1104,False,0.2,0.037162162162162164,0.0,1.0,13.0,3.3333333333333335,0,1
A-e19ff6,957,False,0.4,0.05263157894736842,0.0,1.0,30.666666666666668,4.666666666666667,0,1
A-7920cc,839,False,0.4,0.04658901830282862,0.0,1.0,32.857142857142854,4.142857142857143,0,1
A-5a92e7,638,False,0.3,0.08587570621468926,0.0,3.0,45.0,4.285714285714286,0,1
A-fdfc91,1040,False,0.4,0.051418439716312055,0.0,4.0,28.8,3.8,0,1
A-1e50e0,1114,True,0.4,0.07731958762886598,0.0,1.0,20.5,4.5,0,1
A-1e1b80,911,False,0.2,0.0689149560117302,0.0,1.0,43.0,3.3333333333333335,0,1
A-659280,845,True,0.2,0.05546492659053834,0.0,0.0,8.0,4.25,0,1
A-f6b2fb,687,False,0.1,0.07061068702290077,0.0,0.0,55.0,4.0,1,1
A-cb6cc6,1073,True,0.1,0.08280254777070063,0.0,0.0,16.333333333333332,3.6666666666666665,0,1
A-d62e02,568,False,0.4,0.06686046511627906,0.0,0.0,36.0,4.0,1,1
A-d535f6,554,True,0.1,0.06079664570230608,0.0,0.0,0.0,0.0,1,1
A-39868b,724,False,0.2,0.06885245901639345,0.0,1.0,39.0,4.166666666666667,0,1
A-3cc791,791,False,0.5,0.06711409395973154,0.0,1.0,48.333333333333336,4.166666666666667,0,1
A-337bc1,966,True,0.4,0.08,0.0,0.0,32.5,4.0,1,1
A-58b9ff,649,False,0.1,0.047976011994003,0.0,0.0,66.0,4.0,1,1
A-bf7919,469,False,0.3,0.05343511450381679,0.0,0.0,14.5,4.5,0,1
A-1d5444,783,False,0.4,0.05912162162162162,0.0,0.0,30.0,4.0,0,1
A-0f3e88,962,False,0.3,0.046822742474916385,0.0,1.0,48.0,4.333333333333333,0,1
A-7641d3,1119,True,0.5,0.05009633911368015,0.0,2.0,45.2,4.2,1,1
A-cd458b,634,True,0.1,0.052083333333333336,0.0,4.0,38.4,4.6,1,1
A-c16b88,830,False,0.3,0.0525164113785558,0.0,0.0,48.333333333333336,3.6666666666666665,0,1
A-59f724,859,True,0.3,0.06752873563218391,0.0,2.0,19.25,4.25,0,1
A-87aa7b,664,True,0.3,0.04716981132075472,0.0,1.0,27.333333333333332,4.0,1,1
A-1e6fc3,826,False,0.5,0.0778688524590164,0.0,1.0,23.8,3.8,0,1
A-39ddf4,461,False,0.5,0.07912087912087912,0.0,0.0,23.0,4.2,0,1
A-34ea2f,573,False,0.3,0.05454545454545454,0.0,3.0,35.25,3.875,0,1
A-716841,674,False,0.2,0.0377906976744186,0.0,0.0,29.8,4.0,0,1
A-558c72,1014,False,0.2,0.05405405405405406,0.0,1.0,64.25,4.25,0,1
A-b11cd0,1146,True,0.1,0.05755395683453238,0.0,0.0,38.5,4.0,0,1
A-cc1d8d,458,False,0.2,0.07766990291262135,0.0,0.0,30.2,4.2,1,1
A-7f4db3,1102,False,0.2,0.054502369668246446,0.0,1.0,16.6,3.4,1,1
A-db5e9e,487,False,0.1,0.04607508532423208,0.0,0.0,66.0,5.0,1,1
A-cc102e,695,False,0.3,0.09898477157360407,0.0,0.0,33.25,4.25,0,1
A-82d8a6,468,False,0.4,0.057488653555219364,0.0,1.0,42.2,3.8,1,1
A-dec005,880,False,0.3,0.09263157894736843,0.0,0.0,59.0,3.5,0,1
A-5790f4,444,True,0.2,0.08099688473520249,0.0,1.0,44.0,4.0,0,1
A-7c83a1,674,False,0.4,0.03639240506329114,0.0,0.0,42.0,4.0,1,1
A-297a2d,1041,False,0.3,0.09016393442622951,0.0,0.0,32.5,3.5,0,1
A-4c56c9,812,False,0.2,0.060995184590690206,0.0,0.0,38.6,3.8,0,1
A-cbbe12,1085,False,0.4,0.056179775280898875,0.0,2.0,38.0,4.166666666666667,1,1
A-4a267b,675,False,0.2,0.04417670682730924,0.0,1.0,16.25,4.25,1,1
A-bcbe98,590,False,0.4,0.06771653543307087,0.0,3.0,38.285714285714285,4.0,1,1
A-427b69,565,False,0.2,0.05157593123209169,0.0,1.0,31.5,3.5,0,1
A-0be015,512,False,0.2,0.04377104377104377,0.0,2.0,40.285714285714285,4.142857142857143,0,1
A-054577,682,False,0.5,0.062424969987995196,0.0,1.0,46.0,4.0,1,1
A-bc87bc,602,False,0.2,0.03553299492385787,0.0,1.0,40.57142857142857,3.857142857142857,0,1
A-0f7d77,499,False,0.2,0.06375838926174497,0.0,0.0,27.2,4.4,0,1
A-e7beab,873,False,0.5,0.045576407506702415,0.0,0.0,36.666666666666664,4.0,0,1
A-a09355,578,False,0.2,0.05964467005076142,0.0,3.0,32.6,4.0,1,1
A-31ab9a,738,False,0.2,0.06764705882352941,0.0,2.0,43.142857142857146,3.7142857142857144,0,1
A-0158bb,658,False,0.2,0.06043956043956044,0.0,1.0,32.0,3.0,0,1
A-f19b24,1156,True,0.4,0.08403361344537816,0.0,1.0,35.5,4.0,0,1
A-798a3f,874,False,0.1,0.05397727272727273,0.0,3.0,33.0,4.0,0,1
A-42b791,660,False,0.2,0.019230769230769232,0.0,1.0,33.666666666666664,4.0,0,1
A-068fc6,968,False,0.5,0.048494983277591976,0.0,4.0,38.8,4.2,0,1
A-6f50ae,902,False,0.2,0.059186189889025895,0.0,1.0,31.0,4.4,1,1
A-a2485e,584,True,0.2,0.04100946372239748,0.0,0.0,0.0,0.0,1,1
A-bb1eaa,638,False,0.4,0.042682926829268296,0.0,4.0,23.5,4.166666666666667,1,1
A-cc98bc,1022,False,0.1,0.043557168784029036,0.0,1.0,4.666666666666667,4.0,0,1
A-d77f4c,898,True,0.1,0.05186385737439222,0.0,1.0,31.0,4.0,1,1
A-ccabf0,856,False,0.3,0.05731225296442688,0.0,0.0,46.25,3.75,1,1
A-700ade,496,True,0.4,0.06338028169014084,0.0,3.0,30.25,4.5,0,1
A-4a4c2d,1044,False,0.1,0.06303236797274275,0.0,0.0,42.0,4.2,1,1
A-b7ef83,651,True,0.4,0.052845528455284556,0.0,1.0,47.5,4.0,0,1
A-e08cd3,536,True,0.2,0.04861111111111111,0.0,3.0,30.375,4.0,1,1
A-19b2c8,1009,False,0.1,0.056572379367720464,0.0,0.0,29.333333333333332,4.666666666666667,0,1
A-970c97,740,False,0.3,0.05405405405405406,0.0,1.0,61.0,5.0,1,1
A-6dee43,942,True,0.2,0.02386117136659436,0.0,3.0,44.2,4.2,0,1
A-5ed98d,627,False,0.1,0.057692307692307696,0.0,2.0,35.8,4.2,0,1
A-c58f49,588,True,0.5,0.06060606060606061,0.0,2.0,36.333333333333336,4.333333333333333,0,1
A-9c18c4,958,False,0.3,0.06654676258992806,0.0,1.0,42.25,4.0,0,1
A-cc8c8f,633,False,0.1,0.06716417910447761,0.0,2.0,14.5,3.5,1,1
A-5f7781,568,False,0.1,0.0546448087431694,0.0,0.0,28.5,4.0,0,1
A-e1b9cd,1109,False,0.1,0.055952380952380955,0.0,0.0,35.0,3.0,1,1
A-ac85cd,588,False,0.5,0.04574132492113565,0.0,0.0,33.666666666666664,3.6666666666666665,1,1
A-d792a6,1143,False,0.1,0.057971014492753624,0.0,2.0,40.6,4.0,1,1
A-ac9111,942,True,0.3,0.05693069306930693,0.0,2.0,24.666666666666668,4.333333333333333,1,1
A-18793f,448,True,0.5,0.0411522633744856,0.0,0.0,45.2,3.8,0,1
A-9f0b68,682,False,0.5,0.0465444287729196,0.0,1.0,30.333333333333332,3.6666666666666665,1,1
A-d3c88e,509,False,0.1,0.07453416149068323,0.0,1.0,58.0,4.0,0,1
A-ccb686,779,False,0.1,0.0638002773925104,0.0,0.0,67.0,4.0,1,1
A-118f1c,496,False,0.4,0.037940379403794036,0.0,0.0,64.0,3.0,0,1
A-0e966d,624,False,0.2,0.05345911949685535,0.0,0.0,31.666666666666668,4.333333333333333,0,1
A-b9f5b1,1142,True,0.4,0.03908794788273615,0.0,2.0,31.833333333333332,3.3333333333333335,0,1
A-8ae3fc,621,False,0.1,0.07462686567164178,0.0,2.0,39.5,3.75,0,1
A-55f257,811,False,0.2,0.052521008403361345,0.0,2.0,43.166666666666664,4.666666666666667,0,1
A-d26ab4,489,False,0.1,0.05240174672489083,0.0,1.0,49.5,4.0,1,1
A-712533,954,False,0.5,0.06129597197898424,0.0,0.0,37.4,3.8,0,1
A-781cc0,553,False,0.5,0.04861111111111111,0.0,0.0,57.5,3.75,0,1
