account_id,account_name,industry,country,signup_date,referral_source,plan_tier,seats,churn_flag,tenure_days,industry_risk_score,error_rate,usage_trend_30j,nb_tickets_urgents,avg_resolution_time,satisfaction_score_moyen,downgrade_flag,auto_renew_flag,is_trial
A-2e4581,Company_0,EdTech,US,2024-10-16,partner,Basic,9,False,511,0.5,0.0710280373831775,0.0,1.0,23.0,3.5,0,1,False
A-43a9e3,Company_1,FinTech,IN,2023-08-17,other,Basic,18,True,937,0.2,0.0394366197183098,0.0,2.0,38.0,4.0,0,1,False
A-0a282f,Company_2,DevTools,US,2024-08-27,organic,Basic,1,False,561,0.1,0.0584652862362971,0.0,1.0,43.66666666666666,4.666666666666667,1,1,False
A-1f0ac7,Company_3,HealthTech,UK,2023-08-27,other,Basic,24,False,927,0.3,0.0549738219895288,0.0,0.0,29.0,4.0,0,1,True
A-ce550d,Company_4,HealthTech,US,2024-10-27,event,Enterprise,35,True,500,0.3,0.0535405872193437,0.0,2.0,42.285714285714285,3.857142857142857,0,1,False
A-1b9609,Company_5,EdTech,IN,2023-10-12,ads,Enterprise,4,False,881,0.5,0.0459518599562363,0.0,1.0,43.0,3.75,0,1,False
A-a0ca4e,Company_6,Cybersecurity,US,2024-03-08,ads,Pro,11,False,733,0.4,0.0375335120643431,0.0,0.0,39.16666666666666,3.8333333333333335,0,1,False
A-e5d6ab,Company_7,EdTech,US,2023-04-15,partner,Pro,3,False,1061,0.5,0.0602094240837696,0.0,0.0,42.66666666666666,4.0,0,1,False
A-7dacce,Company_8,Cybersecurity,CA,2024-09-10,event,Enterprise,12,True,547,0.4,0.0614406779661017,0.0,1.0,32.5,3.75,0,1,False
A-10b8da,Company_9,DevTools,US,2023-05-08,partner,Enterprise,14,True,1038,0.1,0.0544747081712062,0.0,0.0,31.33333333333333,3.6666666666666665,0,1,False
A-592832,Company_10,Cybersecurity,US,2024-09-25,organic,Basic,18,True,532,0.4,0.0522317188983855,0.0,0.0,32.666666666666664,4.333333333333333,1,1,False
A-d40bf7,Company_11,FinTech,IN,2024-11-08,organic,Basic,59,False,488,0.2,0.0391459074733096,0.0,2.0,20.5,5.0,0,1,False
A-6c093d,Company_12,DevTools,US,2023-04-14,partner,Basic,7,False,1062,0.1,0.044776119402985,0.0,0.0,40.333333333333336,4.333333333333333,0,1,True
A-462d45,Company_13,Cybersecurity,US,2024-01-15,partner,Enterprise,11,False,786,0.4,0.0404984423676012,0.0,1.0,26.75,4.0,1,1,True
A-956988,Company_14,EdTech,UK,2024-11-30,ads,Enterprise,1,False,466,0.5,0.0744680851063829,0.0,1.0,50.5,3.5,1,1,False
A-ac14bb,Company_15,FinTech,US,2023-09-08,partner,Enterprise,21,False,915,0.2,0.0790960451977401,0.0,0.0,24.5,4.0,0,1,False
A-463db0,Company_16,HealthTech,US,2024-12-05,partner,Basic,15,False,461,0.3,0.0354223433242506,0.0,1.0,50.16666666666666,4.166666666666667,0,1,False
A-ce66f8,Company_17,EdTech,CA,2023-08-23,event,Pro,29,False,931,0.5,0.0384615384615384,0.0,2.0,41.66666666666666,3.8333333333333335,0,1,False
A-c4ea60,Company_18,FinTech,DE,2023-03-09,other,Enterprise,18,True,1098,0.2,0.0421545667447306,0.0,1.0,36.0,3.6,1,1,False
A-832ec2,Company_19,FinTech,UK,2023-11-19,event,Enterprise,4,False,843,0.2,0.0489236790606653,0.0,0.0,26.0,4.0,0,1,True
A-684255,Company_20,FinTech,US,2024-04-14,ads,Enterprise,9,False,696,0.2,0.0673813169984686,0.0,1.0,14.25,4.5,1,1,False
A-c42f1f,Company_21,HealthTech,US,2024-07-28,other,Pro,8,False,591,0.3,0.059347181008902,0.0,1.0,31.33333333333333,4.0,1,1,False
A-4e44e8,Company_22,DevTools,US,2024-08-20,ads,Enterprise,3,True,568,0.1,0.0538573508005822,0.0,1.0,31.33333333333333,3.333333333333333,0,1,False
A-30b4ca,Company_23,EdTech,IN,2024-05-20,organic,Basic,86,True,660,0.5,0.0547263681592039,0.0,0.0,57.66666666666666,4.0,0,1,False
A-9f2731,Company_24,FinTech,IN,2024-10-04,event,Enterprise,1,False,523,0.2,0.0617283950617283,0.0,0.0,0.0,0.0,1,1,False
A-32fb14,Company_25,DevTools,US,2023-03-07,event,Enterprise,26,True,1100,0.1,0.0389344262295082,0.0,3.0,34.0,4.2,0,1,False
A-00cac8,Company_26,HealthTech,AU,2023-09-15,organic,Enterprise,8,False,908,0.3,0.0514950166112956,0.0,2.0,33.0,4.0,1,1,True
A-35083d,Company_27,HealthTech,IN,2023-04-28,partner,Basic,19,True,1048,0.3,0.0467762326169405,0.0,0.0,49.75,4.75,0,1,False
A-eb7fac,Company_28,DevTools,US,2023-10-28,organic,Enterprise,7,False,865,0.1,0.0817843866171003,0.0,2.0,34.0,4.0,0,1,False
A-b20d99,Company_29,HealthTech,IN,2023-09-27,other,Basic,20,False,896,0.3,0.0364741641337386,0.0,0.0,61.5,3.5,0,1,False
A-396e5f,Company_30,Cybersecurity,CA,2024-10-02,other,Enterprise,2,False,525,0.4,0.0425925925925925,0.0,1.0,24.8,4.0,1,1,False
A-45ce7a,Company_31,FinTech,US,2023-07-23,ads,Enterprise,16,False,962,0.2,0.070754716981132,0.0,0.0,45.4,3.8,1,1,False
A-08e34e,Company_32,EdTech,US,2024-06-27,event,Basic,14,True,622,0.5,0.0491551459293394,0.0,0.0,43.0,3.333333333333333,0,1,False
A-8145a0,Company_33,Cybersecurity,AU,2023-04-25,partner,Basic,2,False,1051,0.4,0.0389610389610389,0.0,1.0,23.666666666666668,4.0,0,1,True
A-bad8c1,Company_34,FinTech,AU,2023-03-01,organic,Basic,7,False,1106,0.2,0.0285714285714285,0.0,0.0,27.0,4.0,0,1,False
A-44dc83,Company_35,EdTech,FR,2024-05-12,other,Basic,5,False,668,0.5,0.0524193548387096,0.0,1.0,40.85714285714285,4.428571428571429,0,1,False
A-f446b6,Company_36,DevTools,DE,2023-05-12,ads,Pro,5,False,1034,0.1,0.0824468085106382,0.0,4.0,30.75,4.125,0,1,True
A-a45270,Company_37,HealthTech,US,2024-06-24,ads,Enterprise,3,False,625,0.3,0.0723055934515689,0.0,1.0,64.0,4.0,1,1,False
A-854864,Company_38,FinTech,IN,2024-12-07,event,Enterprise,20,False,459,0.2,0.0403225806451612,0.0,0.0,44.2,4.8,0,1,False
A-1b7577,Company_39,Cybersecurity,US,2024-10-27,other,Pro,4,False,500,0.4,0.0510046367851622,0.0,2.0,27.2,4.0,1,1,False
A-05f0e5,Company_40,FinTech,US,2023-05-04,partner,Basic,32,False,1042,0.2,0.065155807365439,0.0,0.0,20.0,4.0,0,1,False
A-9077b0,Company_41,HealthTech,US,2024-08-25,ads,Basic,2,False,563,0.3,0.0628803245436105,0.0,1.0,40.333333333333336,4.333333333333333,0,1,False
A-7f8241,Company_42,EdTech,US,2023-03-14,organic,Pro,34,True,1093,0.5,0.0517711171662125,0.0,0.0,36.0,3.0,0,1,False
A-2bc93d,Company_43,HealthTech,US,2023-03-14,event,Basic,14,False,1093,0.3,0.0465465465465465,0.0,1.0,12.0,4.5,0,1,False
A-f3ff05,Company_44,FinTech,IN,2024-07-06,other,Enterprise,2,False,613,0.2,0.0535714285714285,0.0,0.0,42.66666666666666,3.6666666666666665,0,1,False
A-2d4502,Company_45,FinTech,IN,2024-04-29,event,Basic,7,False,681,0.2,0.0408602150537634,0.0,2.0,26.33333333333333,4.666666666666667,0,1,False
A-6a4e2d,Company_46,EdTech,UK,2023-04-07,partner,Pro,9,False,1069,0.5,0.0519262981574539,0.0,0.0,18.5,4.5,1,1,False
A-eb7c38,Company_47,DevTools,AU,2024-02-25,organic,Enterprise,5,False,745,0.1,0.0389610389610389,0.0,2.0,22.4,4.2,1,1,False
A-c37601,Company_48,EdTech,US,2024-10-31,partner,Basic,6,False,496,0.5,0.0429447852760736,0.0,2.0,42.25,3.75,0,1,True
A-3b5cd1,Company_49,FinTech,US,2023-09-12,event,Basic,13,False,911,0.2,0.0458891013384321,0.0,2.0,27.4,4.0,1,1,True
A-b2225d,Company_50,FinTech,US,2024-03-08,ads,Basic,47,True,733,0.2,0.0862068965517241,0.0,0.0,42.0,3.5,1,1,False
A-94f8c9,Company_51,HealthTech,US,2024-03-29,other,Basic,13,False,712,0.3,0.0844504021447721,0.0,2.0,47.333333333333336,4.666666666666667,1,1,False
A-02fac6,Company_52,FinTech,US,2023-04-06,event,Pro,22,False,1070,0.2,0.0661478599221789,0.0,1.0,23.33333333333333,4.0,0,1,False
A-c1dfe1,Company_53,DevTools,DE,2023-08-07,ads,Pro,26,False,947,0.1,0.08,0.0,1.0,50.333333333333336,4.0,1,1,False
A-32728c,Company_54,DevTools,US,2023-01-03,event,Pro,20,True,1163,0.1,0.0526315789473684,0.0,0.0,34.5,3.5,0,1,False
A-4c38bc,Company_55,HealthTech,UK,2024-03-09,event,Basic,36,True,732,0.3,0.0330073349633251,0.0,1.0,48.333333333333336,3.6666666666666665,0,1,False
A-1b707d,Company_56,Cybersecurity,US,2023-07-14,organic,Enterprise,1,False,971,0.4,0.0300751879699248,0.0,0.0,42.66666666666666,4.0,0,1,False
A-6f8ad2,Company_57,EdTech,IN,2024-07-09,organic,Basic,1,False,610,0.5,0.0638528138528138,0.0,1.0,35.25,4.25,1,1,False
A-4d1e75,Company_58,DevTools,US,2024-08-21,other,Basic,20,False,567,0.1,0.0524109014675052,0.0,0.0,15.0,4.0,1,1,False
A-9ee962,Company_59,HealthTech,US,2023-02-28,ads,Basic,9,True,1107,0.3,0.0387243735763098,0.0,0.0,37.0,4.0,1,1,False
A-378b99,Company_60,EdTech,UK,2024-09-01,ads,Pro,8,False,556,0.5,0.0672566371681415,0.0,0.0,28.5,4.333333333333333,1,1,True
A-94d3da,Company_61,HealthTech,US,2023-05-03,other,Basic,41,False,1043,0.3,0.0538793103448275,0.0,3.0,26.83333333333333,3.6666666666666665,0,1,False
A-e351e1,Company_62,EdTech,US,2024-09-26,other,Enterprise,33,False,531,0.5,0.0745762711864406,0.0,1.0,17.0,3.75,0,1,False
A-9badbd,Company_63,Cybersecurity,DE,2024-06-19,ads,Enterprise,5,False,630,0.4,0.0617283950617283,0.0,2.0,30.2,4.4,0,1,True
A-7e0a10,Company_64,FinTech,US,2023-11-18,ads,Enterprise,46,False,844,0.2,0.0684931506849315,0.0,3.0,39.4,4.0,0,1,False
A-118d55,Company_65,Cybersecurity,US,2024-10-22,organic,Basic,8,False,505,0.4,0.0550918196994991,0.0,0.0,24.2,4.2,1,1,False
A-526d93,Company_66,HealthTech,FR,2024-04-14,organic,Basic,43,False,696,0.3,0.079646017699115,0.0,1.0,51.4,3.8,0,1,False
A-f92792,Company_67,FinTech,US,2024-07-04,ads,Pro,1,False,615,0.2,0.0587121212121212,0.0,0.0,45.0,4.0,1,1,False
A-84ebe4,Company_68,FinTech,US,2023-03-12,ads,Pro,18,True,1095,0.2,0.0656565656565656,0.0,0.0,29.5,4.0,0,1,True
A-5b4ebb,Company_69,Cybersecurity,UK,2024-07-10,other,Basic,21,True,609,0.4,0.0361271676300578,0.0,0.0,35.4,4.6,0,1,True
A-2922b6,Company_70,HealthTech,US,2024-11-14,organic,Basic,15,False,482,0.3,0.0330788804071246,0.0,1.0,15.5,4.0,0,1,False
A-9b9fe9,Company_71,EdTech,AU,2023-09-28,other,Basic,5,False,895,0.5,0.0368509212730318,0.0,1.0,33.5,4.0,1,1,False
A-a8b49c,Company_72,Cybersecurity,UK,2023-10-06,partner,Basic,7,False,887,0.4,0.0788990825688073,0.0,0.0,72.0,4.0,0,1,False
A-9174e0,Company_73,Cybersecurity,US,2024-12-04,partner,Basic,37,False,462,0.4,0.0885341074020319,0.0,1.0,39.0,4.5,0,1,False
A-a1bbb6,Company_74,DevTools,CA,2023-04-05,organic,Basic,1,False,1071,0.1,0.0546448087431694,0.0,1.0,17.666666666666668,4.0,0,1,False
A-c45b23,Company_75,FinTech,UK,2023-12-08,partner,Basic,5,False,824,0.2,0.0516351118760757,0.0,1.0,36.66666666666666,3.6666666666666665,0,1,False
A-02cd81,Company_76,HealthTech,IN,2024-03-28,other,Basic,44,False,713,0.3,0.0409356725146198,0.0,1.0,17.333333333333332,4.333333333333333,0,1,False
A-ee42db,Company_77,EdTech,DE,2023-04-25,ads,Enterprise,13,False,1051,0.5,0.0645792563600782,0.0,1.0,33.75,3.75,1,1,False
A-432483,Company_78,Cybersecurity,US,2023-02-06,ads,Pro,4,False,1129,0.4,0.0620842572062084,0.0,1.0,51.0,4.0,0,1,False
A-9208f0,Company_79,EdTech,US,2023-05-11,organic,Pro,1,True,1035,0.5,0.0576208178438661,0.0,1.0,41.25,3.75,0,1,False
A-98a59a,Company_80,FinTech,UK,2023-08-04,partner,Enterprise,56,False,950,0.2,0.0461538461538461,0.0,1.0,37.333333333333336,4.333333333333333,1,1,False
A-fe79a5,Company_81,HealthTech,IN,2024-02-21,ads,Basic,9,False,749,0.3,0.0507462686567164,0.0,0.0,28.5,4.5,0,1,True
A-726cfa,Company_82,DevTools,US,2023-07-01,partner,Pro,11,False,984,0.1,0.0453172205438066,0.0,0.0,35.666666666666664,4.0,0,1,False
A-c43359,Company_83,FinTech,US,2024-11-16,organic,Pro,38,False,480,0.2,0.0694143167028199,0.0,2.0,26.666666666666668,4.0,1,1,False
A-271f46,Company_84,DevTools,US,2023-02-09,event,Pro,38,True,1126,0.1,0.0428954423592493,0.0,0.0,36.0,4.0,0,1,False
A-157070,Company_85,FinTech,US,2023-11-09,ads,Pro,16,False,853,0.2,0.0373563218390804,0.0,1.0,42.333333333333336,3.6666666666666665,1,1,False
A-40a557,Company_86,Cybersecurity,AU,2023-12-03,partner,Pro,16,False,829,0.4,0.0422885572139303,0.0,3.0,30.571428571428573,3.857142857142857,0,1,True
A-66224b,Company_87,HealthTech,US,2024-10-18,other,Pro,92,False,509,0.3,0.0463258785942492,0.0,2.0,39.833333333333336,3.5,0,1,True
A-91e948,Company_88,EdTech,AU,2023-01-29,partner,Basic,41,False,1137,0.5,0.0396039603960396,0.0,0.0,0.0,0.0,0,1,False
A-104f1a,Company_89,Cybersecurity,US,2024-08-17,other,Pro,24,False,571,0.4,0.0502283105022831,0.0,0.0,33.2,3.8,0,1,False
A-7988d1,Company_90,Cybersecurity,US,2023-12-20,other,Basic,33,False,812,0.4,0.0623608017817371,0.0,2.0,35.333333333333336,4.333333333333333,0,1,False
A-faa28c,Company_91,HealthTech,US,2024-01-30,organic,Enterprise,48,False,771,0.3,0.041025641025641,0.0,2.0,52.25,4.5,0,1,False
A-f25509,Company_92,EdTech,US,2024-03-22,other,Enterprise,32,False,719,0.5,0.0655021834061135,0.0,2.0,42.66666666666666,4.333333333333333,1,1,False
A-3a7284,Company_93,FinTech,US,2024-11-17,organic,Enterprise,31,False,479,0.2,0.0492610837438423,0.0,2.0,56.333333333333336,3.6666666666666665,1,1,False
A-3a5ad8,Company_94,HealthTech,US,2023-12-05,organic,Enterprise,9,False,827,0.3,0.0454545454545454,0.0,3.0,44.75,4.25,1,1,True
A-65a46c,Company_95,HealthTech,US,2023-11-04,event,Pro,1,False,858,0.3,0.0567567567567567,0.0,6.0,45.125,4.0,0,1,False
A-8b25f2,Company_96,Cybersecurity,US,2024-02-17,ads,Pro,6,True,753,0.4,0.0353982300884955,0.0,0.0,35.5,4.0,1,1,False
A-fabe19,Company_97,DevTools,UK,2024-11-11,ads,Enterprise,1,False,485,0.1,0.0474777448071216,0.0,2.0,40.66666666666666,4.0,0,1,False
A-adc1f3,Company_98,Cybersecurity,US,2024-08-05,organic,Pro,2,False,583,0.4,0.0778443113772455,0.0,1.0,47.333333333333336,3.6666666666666665,0,1,False
A-503d5a,Company_99,FinTech,US,2023-10-21,other,Enterprise,4,True,872,0.2,0.052892561983471,0.0,1.0,36.55555555555556,4.0,1,1,False
A-fd7ad3,Company_100,Cybersecurity,US,2024-11-01,event,Enterprise,1,False,495,0.4,0.074074074074074,0.0,2.0,48.75,4.125,0,1,False
A-186a44,Company_101,HealthTech,US,2023-08-07,ads,Enterprise,20,False,947,0.3,0.0407166123778501,0.0,1.0,38.285714285714285,3.7142857142857135,1,1,False
A-e888d1,Company_102,Cybersecurity,US,2023-03-28,other,Pro,14,False,1079,0.4,0.0652173913043478,0.0,2.0,43.0,4.0,0,1,False
A-69fad4,Company_103,FinTech,UK,2023-04-06,ads,Basic,6,True,1070,0.2,0.058252427184466,0.0,1.0,43.0,3.75,0,1,False
A-9289f6,Company_104,EdTech,US,2023-05-31,event,Enterprise,1,False,1015,0.5,0.0591900311526479,0.0,0.0,37.5,4.166666666666667,0,1,False
A-f19409,Company_105,DevTools,US,2023-03-16,other,Basic,23,True,1091,0.1,0.047040971168437,0.0,1.0,6.333333333333333,4.0,0,1,False
A-22f2df,Company_106,DevTools,US,2024-12-14,ads,Basic,3,False,452,0.1,0.0396270396270396,0.0,2.0,44.8,4.2,1,1,False
A-039727,Company_107,EdTech,AU,2024-11-02,organic,Pro,25,False,494,0.5,0.0416666666666666,0.0,0.0,0.0,0.0,1,1,False
A-2e3bad,Company_108,FinTech,CA,2023-08-13,other,Pro,61,False,941,0.2,0.0597701149425287,0.0,0.0,31.4,3.8,0,1,False
A-484819,Company_109,HealthTech,US,2023-02-21,organic,Pro,18,False,1114,0.3,0.0595238095238095,0.0,2.0,33.2,4.2,0,1,False
A-425e76,Company_110,DevTools,UK,2023-05-17,other,Enterprise,8,True,1029,0.1,0.0547945205479452,0.0,0.0,48.2,3.6,0,1,False
A-e83938,Company_111,DevTools,UK,2023-11-21,other,Pro,2,True,841,0.1,0.0676691729323308,0.0,0.0,31.0,3.75,0,1,True
A-ad296b,Company_112,DevTools,AU,2024-07-15,event,Pro,38,False,604,0.1,0.0408163265306122,0.0,2.0,28.33333333333333,3.6666666666666665,0,1,False
A-e51ec7,Company_113,FinTech,CA,2023-09-23,partner,Enterprise,2,False,900,0.2,0.0431654676258992,0.0,0.0,37.0,4.333333333333333,1,1,False
A-0aaf6e,Company_114,FinTech,US,2024-05-11,organic,Enterprise,3,False,669,0.2,0.0651085141903172,0.0,0.0,45.0,4.0,0,1,False
A-e61e98,Company_115,FinTech,US,2023-10-20,partner,Enterprise,19,True,873,0.2,0.0474383301707779,0.0,1.0,30.33333333333333,4.5,0,1,False
A-92a333,Company_116,FinTech,US,2023-03-24,event,Enterprise,9,False,1083,0.2,0.0824175824175824,0.0,0.0,23.25,4.0,1,1,False
A-95b24a,Company_117,FinTech,US,2023-06-06,event,Pro,38,True,1009,0.2,0.055646481178396,0.0,1.0,21.2,4.2,1,1,False
A-42e5e1,Company_118,DevTools,US,2024-07-09,ads,Pro,1,True,610,0.1,0.0997566909975669,0.0,0.0,29.0,4.0,1,1,False
A-7d514c,Company_119,HealthTech,DE,2024-02-03,organic,Enterprise,17,False,767,0.3,0.0597609561752988,0.0,1.0,33.333333333333336,4.333333333333333,0,1,False
A-65aeb5,Company_120,DevTools,US,2024-01-25,partner,Pro,9,False,776,0.1,0.075046904315197,0.0,0.0,42.5,4.5,1,1,False
A-e2cd1b,Company_121,DevTools,US,2024-02-04,other,Enterprise,15,False,766,0.1,0.0387096774193548,0.0,2.0,37.8,4.0,0,1,False
A-180abf,Company_122,DevTools,US,2023-08-14,event,Pro,64,True,940,0.1,0.0561122244488977,0.0,0.0,36.333333333333336,3.6666666666666665,0,1,False
A-f17767,Company_123,DevTools,US,2023-01-30,event,Enterprise,1,True,1136,0.1,0.0532959326788218,0.0,1.0,36.333333333333336,4.0,1,1,True
A-5a184f,Company_124,DevTools,DE,2023-06-19,other,Enterprise,1,True,996,0.1,0.0494037478705281,0.0,0.0,15.333333333333334,4.333333333333333,1,1,False
A-7df7a7,Company_125,DevTools,US,2023-01-28,organic,Basic,7,True,1138,0.1,0.0509761388286334,0.0,1.0,28.0,4.0,1,1,False
A-1ac5e0,Company_126,DevTools,US,2024-10-20,event,Basic,33,True,507,0.1,0.0555555555555555,0.0,0.0,40.42857142857143,3.857142857142857,0,1,False
A-52dd88,Company_127,Cybersecurity,US,2023-02-21,ads,Pro,23,False,1114,0.4,0.063953488372093,0.0,0.0,72.0,4.0,0,1,False
A-bece89,Company_128,Cybersecurity,IN,2023-12-01,event,Pro,26,False,831,0.4,0.0738636363636363,0.0,2.0,32.5,4.0,0,1,False
A-029f69,Company_129,Cybersecurity,CA,2024-03-07,event,Basic,3,False,734,0.4,0.053231939163498,0.0,1.0,42.0,3.5,0,1,False
A-5c046d,Company_130,EdTech,FR,2024-07-06,partner,Basic,93,False,613,0.5,0.0484210526315789,0.0,0.0,13.0,3.0,0,1,False
A-fb186e,Company_131,EdTech,IN,2024-10-27,organic,Basic,29,False,500,0.5,0.0338164251207729,0.0,2.0,26.166666666666668,3.8333333333333335,0,1,False
A-ae052e,Company_132,FinTech,CA,2023-09-11,other,Basic,39,False,912,0.2,0.04,0.0,2.0,31.25,4.0,1,1,False
A-9f9299,Company_133,FinTech,US,2023-09-02,organic,Enterprise,28,False,921,0.2,0.0650602409638554,0.0,1.0,36.2,4.2,0,1,True
A-96e141,Company_134,DevTools,UK,2023-08-12,partner,Basic,14,False,942,0.1,0.0549132947976878,0.0,1.0,32.8,4.2,0,1,False
A-117171,Company_135,HealthTech,FR,2024-09-12,organic,Basic,45,True,545,0.3,0.0528846153846153,0.0,1.0,32.5,3.8333333333333335,1,1,False
A-313be3,Company_136,EdTech,US,2023-11-15,partner,Enterprise,47,False,847,0.5,0.0714285714285714,0.0,3.0,22.5,4.25,0,1,True
A-671f31,Company_137,DevTools,US,2024-11-24,ads,Basic,59,False,472,0.1,0.0958083832335329,0.0,3.0,33.0,4.142857142857143,1,1,False
A-bbc346,Company_138,FinTech,US,2024-08-29,partner,Enterprise,19,False,559,0.2,0.0569230769230769,0.0,1.0,45.333333333333336,4.333333333333333,1,1,False
A-c16101,Company_139,EdTech,IN,2024-09-06,other,Basic,7,False,551,0.5,0.0516934046345811,0.0,1.0,28.0,4.25,1,1,False
A-50f3f7,Company_140,HealthTech,US,2023-12-22,partner,Basic,31,True,810,0.3,0.0656934306569343,0.0,1.0,37.833333333333336,4.5,1,1,False
A-7da956,Company_141,Cybersecurity,US,2024-06-02,event,Pro,13,False,647,0.4,0.0644567219152854,0.0,1.0,32.666666666666664,4.333333333333333,1,1,True
A-019782,Company_142,DevTools,FR,2023-04-19,event,Enterprise,11,False,1057,0.1,0.0533807829181494,0.0,2.0,10.0,3.5,0,1,False
A-df10db,Company_143,DevTools,US,2023-06-06,other,Enterprise,2,False,1009,0.1,0.0573888091822094,0.0,0.0,68.5,3.0,0,1,True
A-3932db,Company_144,HealthTech,CA,2023-10-04,other,Pro,19,True,889,0.3,0.064516129032258,0.0,2.0,41.0,4.166666666666667,1,1,True
A-4f18f0,Company_145,DevTools,CA,2024-04-21,other,Pro,24,False,689,0.1,0.0459558823529411,0.0,1.0,39.2,4.0,1,1,True
A-4c6f11,Company_146,FinTech,CA,2023-11-27,organic,Pro,24,True,835,0.2,0.0149253731343283,0.0,2.0,44.66666666666666,4.333333333333333,1,1,True
A-8ae05d,Company_147,FinTech,IN,2024-04-06,other,Enterprise,86,False,704,0.2,0.0492610837438423,0.0,0.0,47.0,4.0,0,1,False
A-b78bf8,Company_148,DevTools,US,2024-11-15,event,Pro,33,False,481,0.1,0.0261282660332541,0.0,3.0,24.2,4.2,1,1,False
A-eafc6e,Company_149,DevTools,US,2023-07-06,partner,Pro,27,True,979,0.1,0.05,0.0,0.0,64.0,4.0,0,1,False
A-37f969,Company_150,HealthTech,IN,2023-10-14,partner,Enterprise,30,False,879,0.3,0.0448717948717948,0.0,1.0,22.2,3.8,0,1,False
A-10b8f2,Company_151,HealthTech,DE,2023-01-11,organic,Basic,47,False,1155,0.3,0.0410714285714285,0.0,1.0,46.333333333333336,4.333333333333333,0,1,True
A-439b2f,Company_152,DevTools,US,2024-02-21,ads,Enterprise,1,True,749,0.1,0.0292397660818713,0.0,2.0,18.33333333333333,4.0,0,1,False
A-544d0a,Company_153,DevTools,US,2024-05-02,organic,Basic,2,False,678,0.1,0.0431372549019607,0.0,1.0,38.5,4.0,1,1,True
A-ba6516,Company_154,FinTech,US,2023-10-29,ads,Pro,27,False,864,0.2,0.0498442367601246,0.0,1.0,31.5,4.0,1,1,False
A-712426,Company_155,HealthTech,US,2024-11-10,other,Enterprise,9,False,486,0.3,0.0445402298850574,0.0,1.0,37.333333333333336,4.333333333333333,0,1,False
A-038089,Company_156,DevTools,FR,2023-12-19,other,Pro,5,True,813,0.1,0.0714285714285714,0.0,1.0,30.166666666666668,3.8333333333333335,0,1,False
A-afa505,Company_157,DevTools,US,2023-12-27,partner,Basic,70,False,805,0.1,0.0552268244575936,0.0,2.0,37.25,3.5,1,1,True
A-d5a319,Company_158,FinTech,US,2023-05-04,other,Enterprise,15,True,1042,0.2,0.0711920529801324,0.0,0.0,17.0,4.0,1,1,False
A-f97b9a,Company_159,FinTech,US,2023-07-09,event,Pro,16,False,976,0.2,0.0588235294117647,0.0,1.0,31.714285714285715,3.857142857142857,0,1,False
A-2f6a32,Company_160,HealthTech,US,2024-08-26,organic,Basic,19,False,562,0.3,0.0703363914373088,0.0,0.0,41.0,3.5,0,1,False
A-856b1e,Company_161,FinTech,US,2023-10-31,partner,Basic,19,False,862,0.2,0.1043478260869565,0.0,0.0,36.0,4.0,0,1,False
A-17939a,Company_162,HealthTech,US,2024-12-26,organic,Basic,1,False,440,0.3,0.0977272727272727,0.0,3.0,38.0,4.285714285714286,0,1,False
A-d27f50,Company_163,Cybersecurity,UK,2024-07-20,ads,Enterprise,44,False,599,0.4,0.0644490644490644,0.0,1.0,37.5,3.75,0,1,False
A-e36807,Company_164,EdTech,AU,2024-05-17,other,Pro,6,False,663,0.5,0.0605381165919282,0.0,0.0,41.0,4.5,0,1,False
A-ff79f2,Company_165,DevTools,US,2024-04-25,ads,Basic,8,True,685,0.1,0.0305343511450381,0.0,0.0,50.0,4.0,0,1,False
A-5b1bcd,Company_166,DevTools,US,2023-09-16,organic,Pro,73,False,907,0.1,0.0621403912543153,0.0,3.0,43.25,4.25,0,1,False
A-71615e,Company_167,EdTech,US,2024-05-18,organic,Basic,15,False,662,0.5,0.0661290322580645,0.0,0.0,49.0,4.0,0,1,False
A-794a0b,Company_168,HealthTech,DE,2023-06-02,organic,Basic,23,False,1013,0.3,0.0893371757925072,0.0,0.0,0.0,0.0,0,1,False
A-86902e,Company_169,HealthTech,IN,2023-05-02,other,Enterprise,34,False,1044,0.3,0.0573248407643312,0.0,3.0,40.888888888888886,3.7777777777777777,0,1,False
A-0532a9,Company_170,FinTech,IN,2024-09-25,event,Pro,19,False,532,0.2,0.0578034682080924,0.0,0.0,30.75,3.875,1,1,False
A-9779ad,Company_171,Cybersecurity,AU,2024-03-29,event,Pro,40,True,712,0.4,0.0605326876513317,0.0,1.0,20.666666666666668,4.333333333333333,0,1,True
A-f45426,Company_172,HealthTech,US,2024-08-05,organic,Basic,9,False,583,0.3,0.078525641025641,0.0,2.0,17.0,4.0,1,1,False
A-c1e51e,Company_173,FinTech,US,2024-10-02,organic,Basic,3,False,525,0.2,0.0694980694980695,0.0,4.0,40.0,3.2,1,1,False
A-fa3095,Company_174,FinTech,US,2023-09-03,ads,Basic,70,False,920,0.2,0.07,0.0,1.0,49.2,4.4,0,1,False
A-ad64c6,Company_175,DevTools,UK,2024-02-23,event,Pro,12,False,747,0.1,0.0837209302325581,0.0,0.0,34.0,4.25,0,1,False
A-39b19f,Company_176,FinTech,US,2023-02-03,partner,Enterprise,1,False,1132,0.2,0.0698113207547169,0.0,0.0,47.833333333333336,4.166666666666667,1,1,False
A-56962b,Company_177,EdTech,UK,2024-04-09,partner,Enterprise,163,False,701,0.5,0.092250922509225,0.0,0.0,37.5,3.75,0,1,False
A-e60f9d,Company_178,FinTech,US,2024-08-26,other,Basic,29,False,562,0.2,0.0381558028616852,0.0,2.0,70.5,4.0,1,1,False
A-88c6ca,Company_179,FinTech,DE,2024-10-25,ads,Basic,5,True,502,0.2,0.0426008968609865,0.0,1.0,56.0,4.0,0,1,False
A-158f4e,Company_180,FinTech,IN,2023-03-03,other,Enterprise,61,False,1104,0.2,0.0640176600441501,0.0,1.0,27.6,4.2,0,1,False
A-5b051a,Company_181,Cybersecurity,US,2024-08-05,event,Enterprise,22,False,583,0.4,0.0994152046783625,0.0,1.0,2.0,3.0,0,1,False
A-296d7c,Company_182,DevTools,DE,2023-11-08,other,Enterprise,2,False,854,0.1,0.0504201680672268,0.0,2.0,50.4,3.8,0,1,False
A-1619f8,Company_183,DevTools,US,2024-05-20,organic,Pro,29,False,660,0.1,0.0601851851851851,0.0,1.0,42.0,4.333333333333333,0,1,False
A-a1b80b,Company_184,HealthTech,US,2023-11-27,organic,Basic,16,False,835,0.3,0.0640854472630173,0.0,1.0,41.0,4.0,1,1,False
A-139c3b,Company_185,HealthTech,US,2024-11-21,organic,Enterprise,10,True,475,0.3,0.0334728033472803,0.0,3.0,28.444444444444443,4.222222222222222,0,1,True
A-702032,Company_186,HealthTech,US,2023-10-03,ads,Pro,28,False,890,0.3,0.0526315789473684,0.0,0.0,26.0,3.5,0,1,False
A-7a0d69,Company_187,DevTools,DE,2024-06-15,ads,Enterprise,4,True,634,0.1,0.0511551155115511,0.0,1.0,29.0,4.5,0,1,True
A-22d9d2,Company_188,DevTools,FR,2024-03-22,event,Pro,8,False,719,0.1,0.0549872122762148,0.0,3.0,16.0,4.0,1,1,False
A-b9eed8,Company_189,Cybersecurity,US,2024-02-23,organic,Basic,11,False,747,0.4,0.088282504012841,0.0,1.0,29.2,3.8,1,1,False
A-dfbd31,Company_190,DevTools,UK,2023-12-04,partner,Enterprise,14,False,828,0.1,0.031719532554257,0.0,0.0,29.666666666666668,4.166666666666667,1,1,False
A-8e47ca,Company_191,HealthTech,US,2024-02-15,organic,Pro,19,False,755,0.3,0.0793650793650793,0.0,0.0,33.4,4.0,0,1,False
A-4437e4,Company_192,Cybersecurity,US,2023-09-16,event,Enterprise,3,False,907,0.4,0.053349875930521,0.0,1.0,34.666666666666664,3.6666666666666665,1,1,False
A-779e4e,Company_193,HealthTech,US,2023-01-02,organic,Basic,5,False,1164,0.3,0.0508905852417302,0.0,4.0,26.6,4.0,1,1,False
A-53f4e3,Company_194,Cybersecurity,UK,2024-06-14,event,Enterprise,13,False,635,0.4,0.1097560975609756,0.0,3.0,28.6,4.0,0,1,False
A-692f18,Company_195,EdTech,US,2024-03-28,other,Basic,5,True,713,0.5,0.0631458094144661,0.0,0.0,37.5,4.5,1,1,True
A-13466a,Company_196,DevTools,AU,2023-10-22,event,Basic,2,True,871,0.1,0.0682926829268292,0.0,0.0,32.333333333333336,4.333333333333333,0,1,False
A-1986ca,Company_197,HealthTech,IN,2023-01-30,ads,Pro,20,False,1136,0.3,0.0635359116022099,0.0,3.0,36.57142857142857,3.571428571428572,0,1,False
A-0cc442,Company_198,EdTech,US,2024-07-18,organic,Basic,45,False,601,0.5,0.05359477124183,0.0,1.0,37.0,3.6666666666666665,1,1,False
A-c608c8,Company_199,DevTools,DE,2023-04-27,ads,Pro,3,True,1049,0.1,0.0606741573033707,0.0,0.0,59.0,3.5,1,1,False
A-3be56b,Company_200,HealthTech,IN,2023-10-26,event,Pro,3,True,867,0.3,0.0625,0.0,0.0,40.25,3.5,1,1,False
A-354f12,Company_201,FinTech,US,2024-04-28,ads,Pro,1,False,682,0.2,0.0189873417721519,0.0,0.0,56.5,4.0,1,1,True
A-68f37c,Company_202,HealthTech,US,2023-07-15,ads,Basic,4,False,970,0.3,0.0641025641025641,0.0,1.0,20.2,4.0,0,1,False
A-aa9511,Company_203,DevTools,US,2023-10-10,other,Pro,23,False,883,0.1,0.056,0.0,1.0,56.5,4.0,1,1,True
A-af0cd2,Company_204,Cybersecurity,IN,2023-01-03,other,Enterprise,19,False,1163,0.4,0.0480349344978165,0.0,1.0,54.333333333333336,4.0,0,1,True
A-bd4513,Company_205,DevTools,AU,2024-11-06,event,Enterprise,50,False,490,0.1,0.0670611439842209,0.0,0.0,42.0,4.666666666666667,0,1,True
A-c222ab,Company_206,Cybersecurity,US,2024-05-10,other,Pro,32,True,670,0.4,0.0758620689655172,0.0,2.0,39.0,4.25,0,1,False
A-34d880,Company_207,Cybersecurity,AU,2024-04-11,ads,Enterprise,4,False,699,0.4,0.0843881856540084,0.0,1.0,52.2,3.0,0,1,False
A-508199,Company_208,FinTech,AU,2024-01-28,event,Basic,19,False,773,0.2,0.0649350649350649,0.0,1.0,50.66666666666666,3.6666666666666665,0,1,False
A-f03140,Company_209,DevTools,IN,2023-11-22,event,Pro,27,False,840,0.1,0.0369747899159663,0.0,2.0,36.0,3.857142857142857,1,1,True
A-410e86,Company_210,FinTech,US,2024-11-10,organic,Basic,24,False,486,0.2,0.071917808219178,0.0,0.0,42.6,3.8,0,1,False
A-fa2041,Company_211,HealthTech,US,2024-05-29,organic,Pro,15,False,651,0.3,0.0615942028985507,0.0,0.0,16.0,3.0,0,1,True
A-de58ca,Company_212,HealthTech,DE,2023-04-13,organic,Enterprise,15,False,1063,0.3,0.0653465346534653,0.0,0.0,30.6,3.6,0,1,False
A-05d3b3,Company_213,DevTools,AU,2023-05-28,ads,Basic,9,False,1018,0.1,0.0342679127725856,0.0,2.0,31.5,4.166666666666667,0,1,True
A-249769,Company_214,Cybersecurity,US,2024-04-25,event,Enterprise,4,True,685,0.4,0.0442477876106194,0.0,0.0,39.5,4.0,0,1,False
A-e43bf7,Company_215,Cybersecurity,AU,2023-03-24,other,Pro,44,False,1083,0.4,0.0943396226415094,0.0,2.0,27.4,4.0,0,1,False
A-eb2fdc,Company_216,DevTools,AU,2023-11-21,organic,Enterprise,31,True,841,0.1,0.0310786106032906,0.0,0.0,33.6,4.4,0,1,False
A-e1462e,Company_217,FinTech,UK,2023-03-12,partner,Basic,15,False,1095,0.2,0.063400576368876,0.0,1.0,39.5,3.5,1,1,False
A-cab532,Company_218,DevTools,FR,2023-04-03,organic,Pro,11,False,1073,0.1,0.0467661691542288,0.0,0.0,32.0,4.0,1,1,True
A-9123ac,Company_219,Cybersecurity,DE,2023-06-20,organic,Pro,9,False,995,0.4,0.0621761658031088,0.0,2.0,38.833333333333336,4.166666666666667,1,1,False
A-6e08f3,Company_220,Cybersecurity,US,2023-02-27,event,Basic,8,False,1108,0.4,0.0426829268292682,0.0,1.0,36.5,3.5,1,1,False
A-d922bf,Company_221,HealthTech,US,2023-09-08,ads,Basic,5,True,915,0.3,0.0453460620525059,0.0,0.0,39.142857142857146,3.7142857142857135,0,1,True
A-8ed5dd,Company_222,EdTech,UK,2023-06-29,event,Enterprise,5,True,986,0.5,0.0825688073394495,0.0,1.0,29.0,3.8333333333333335,1,1,False
A-7c6b6b,Company_223,FinTech,US,2024-11-30,other,Basic,6,False,466,0.2,0.0771704180064308,0.0,0.0,52.2,4.2,0,1,False
A-3c1a3f,Company_224,DevTools,UK,2023-08-26,event,Pro,1,False,928,0.1,0.0442655935613682,0.0,0.0,33.25,3.75,1,1,False
A-b48f73,Company_225,EdTech,AU,2024-11-13,event,Pro,80,False,483,0.5,0.0558252427184466,0.0,0.0,28.666666666666668,4.0,0,1,True
A-76fa4d,Company_226,HealthTech,US,2024-11-24,event,Pro,69,False,472,0.3,0.0588235294117647,0.0,1.0,33.4,4.4,0,1,False
A-b2af2e,Company_227,Cybersecurity,UK,2024-08-24,event,Enterprise,5,False,564,0.4,0.0632183908045977,0.0,0.0,39.5,4.0,1,1,False
A-9bfc9f,Company_228,DevTools,CA,2023-09-14,ads,Pro,53,False,909,0.1,0.0478723404255319,0.0,1.0,35.333333333333336,3.6666666666666665,1,1,False
A-4ae22a,Company_229,EdTech,US,2024-05-09,other,Pro,6,True,671,0.5,0.084010840108401,0.0,1.0,14.333333333333334,3.6666666666666665,0,1,False
A-fda07f,Company_230,Cybersecurity,FR,2024-08-11,partner,Basic,7,False,577,0.4,0.0572687224669603,0.0,1.0,17.8,4.0,1,1,False
A-de24d5,Company_231,DevTools,US,2024-11-05,other,Enterprise,5,False,491,0.1,0.0521415270018622,0.0,1.0,43.142857142857146,3.7142857142857135,0,1,True
A-977ca0,Company_232,HealthTech,IN,2023-02-20,partner,Basic,6,True,1115,0.3,0.051511758118701,0.0,1.0,64.0,4.0,0,1,False
A-ab438f,Company_233,Cybersecurity,US,2024-09-13,ads,Enterprise,13,True,544,0.4,0.032520325203252,0.0,2.0,33.5,3.5,0,1,False
A-e89151,Company_234,FinTech,UK,2023-09-14,organic,Pro,8,True,909,0.2,0.0482529118136439,0.0,0.0,41.5,4.5,0,1,True
A-40906c,Company_235,EdTech,US,2024-03-27,ads,Basic,92,False,714,0.5,0.0467153284671532,0.0,1.0,29.2,3.8,0,1,False
A-81edc3,Company_236,Cybersecurity,IN,2023-10-30,ads,Basic,5,False,863,0.4,0.05359477124183,0.0,0.0,52.66666666666666,4.0,0,1,False
A-328bd0,Company_237,HealthTech,AU,2023-05-16,partner,Enterprise,18,False,1030,0.3,0.0862676056338028,0.0,0.0,46.0,3.8,1,1,False
A-b3fe05,Company_238,Cybersecurity,CA,2024-05-28,partner,Pro,8,False,652,0.4,0.0410958904109589,0.0,2.0,48.25,3.5,0,1,False
A-09540c,Company_239,Cybersecurity,CA,2023-10-30,event,Basic,67,False,863,0.4,0.0538720538720538,0.0,0.0,28.0,4.5,1,1,True
A-e693b6,Company_240,FinTech,AU,2023-05-25,event,Enterprise,55,True,1021,0.2,0.0367107195301027,0.0,1.0,1.0,3.0,0,1,False
A-2446e3,Company_241,EdTech,IN,2024-01-10,organic,Pro,27,False,791,0.5,0.064516129032258,0.0,1.0,28.666666666666668,4.0,1,1,False
A-241e75,Company_242,EdTech,US,2024-07-03,partner,Enterprise,3,False,616,0.5,0.075187969924812,0.0,0.0,31.5,4.25,1,1,False
A-922109,Company_243,Cybersecurity,US,2024-01-26,ads,Pro,3,False,775,0.4,0.0415140415140415,0.0,0.0,25.33333333333333,3.6666666666666665,0,1,False
A-ff3c73,Company_244,HealthTech,AU,2023-01-26,other,Pro,21,False,1140,0.3,0.0563725490196078,0.0,1.0,35.5,3.5,0,1,False
A-8b0451,Company_245,FinTech,UK,2024-09-16,event,Enterprise,41,False,541,0.2,0.0742574257425742,0.0,4.0,26.571428571428573,3.7142857142857135,0,1,False
A-331424,Company_246,DevTools,US,2023-11-06,organic,Basic,11,False,856,0.1,0.0420560747663551,0.0,0.0,24.5,4.0,0,1,False
A-51ec1b,Company_247,DevTools,US,2023-11-08,ads,Enterprise,7,False,854,0.1,0.0424028268551236,0.0,0.0,52.333333333333336,4.666666666666667,1,1,False
A-bcf664,Company_248,DevTools,US,2023-05-19,other,Pro,5,False,1027,0.1,0.048695652173913,0.0,2.0,36.0,4.0,0,1,False
A-90a8c8,Company_249,FinTech,AU,2024-08-24,organic,Pro,15,False,564,0.2,0.0495049504950495,0.0,2.0,45.0,3.25,0,1,False
A-86cdb4,Company_250,DevTools,DE,2024-09-22,partner,Basic,2,False,535,0.1,0.048780487804878,0.0,2.0,26.4,4.2,0,1,False
A-4bfa33,Company_251,Cybersecurity,US,2024-12-07,event,Basic,8,False,459,0.4,0.0516717325227963,0.0,1.0,16.5,3.75,0,1,True
A-dbc825,Company_252,EdTech,FR,2024-01-07,partner,Enterprise,19,False,794,0.5,0.0794520547945205,0.0,1.0,49.5,4.0,0,1,False
A-c70870,Company_253,Cybersecurity,US,2024-10-22,partner,Basic,31,False,505,0.4,0.0538922155688622,0.0,0.0,35.6,4.0,1,1,False
A-7c4956,Company_254,DevTools,US,2023-05-06,ads,Enterprise,5,True,1040,0.1,0.0842105263157894,0.0,0.0,13.666666666666666,4.0,0,1,False
A-0651a4,Company_255,HealthTech,FR,2024-10-16,organic,Pro,16,False,511,0.3,0.0524822695035461,0.0,1.0,29.25,4.0,0,1,False
A-3ce5b8,Company_256,FinTech,IN,2023-09-07,ads,Basic,8,True,916,0.2,0.0569744597249508,0.0,3.0,42.5,3.8,0,1,False
A-bd4708,Company_257,FinTech,US,2024-07-21,ads,Pro,37,False,598,0.2,0.0459418070444104,0.0,1.0,24.0,3.75,0,1,True
A-993085,Company_258,HealthTech,US,2023-06-01,ads,Basic,31,False,1014,0.3,0.075187969924812,0.0,0.0,46.5,3.75,1,1,True
A-92a3af,Company_259,Cybersecurity,IN,2024-07-07,organic,Enterprise,25,False,612,0.4,0.0770308123249299,0.0,0.0,57.5,4.0,1,1,False
A-151c9a,Company_260,FinTech,US,2023-01-27,ads,Enterprise,23,False,1139,0.2,0.0382513661202185,0.0,0.0,31.0,3.5,1,1,False
A-474ad4,Company_261,EdTech,US,2023-11-28,organic,Basic,8,False,834,0.5,0.0743801652892562,0.0,1.0,33.0,4.333333333333333,1,1,False
A-4ef964,Company_262,HealthTech,US,2024-03-07,organic,Pro,17,False,734,0.3,0.0677618069815195,0.0,0.0,42.66666666666666,4.0,0,1,False
A-fd9422,Company_263,Cybersecurity,US,2024-04-04,organic,Pro,58,False,706,0.4,0.0460526315789473,0.0,2.0,44.333333333333336,3.5,1,1,False
A-0baac2,Company_264,FinTech,DE,2024-05-30,organic,Enterprise,14,True,650,0.2,0.0445544554455445,0.0,1.0,43.5,4.166666666666667,0,1,False
A-bb1486,Company_265,HealthTech,US,2024-11-05,organic,Basic,41,False,491,0.3,0.0888888888888888,0.0,0.0,11.0,3.6666666666666665,1,1,False
A-560d27,Company_266,DevTools,US,2024-05-05,organic,Pro,23,False,675,0.1,0.0647359454855195,0.0,0.0,30.75,3.75,0,1,False
A-0b0d6d,Company_267,DevTools,US,2024-12-30,organic,Pro,3,False,436,0.1,0.0824742268041237,0.0,1.0,31.4,4.0,0,1,False
A-2789e3,Company_268,FinTech,US,2024-09-14,partner,Enterprise,11,False,543,0.2,0.0661764705882353,0.0,0.0,47.25,4.0,1,1,False
A-b07346,Company_269,HealthTech,US,2024-10-10,partner,Pro,51,True,517,0.3,0.0674846625766871,0.0,1.0,42.333333333333336,3.6666666666666665,0,1,False
A-902ef7,Company_270,HealthTech,US,2024-09-03,other,Enterprise,83,True,554,0.3,0.0579710144927536,0.0,2.0,48.5,4.0,0,1,False
A-20736a,Company_271,EdTech,IN,2024-03-16,organic,Enterprise,50,False,725,0.5,0.0511627906976744,0.0,1.0,42.25,3.75,1,1,False
A-e4bf56,Company_272,HealthTech,IN,2024-10-28,ads,Pro,17,True,499,0.3,0.0294985250737463,0.0,5.0,29.125,3.75,1,1,False
A-cea1f0,Company_273,FinTech,US,2024-04-07,event,Pro,8,True,703,0.2,0.0477815699658703,0.0,2.0,42.2,4.2,1,1,False
A-ef84cf,Company_274,EdTech,US,2024-03-01,partner,Enterprise,8,False,740,0.5,0.0355987055016181,0.0,2.0,34.8,4.2,1,1,False
A-d49cc5,Company_275,Cybersecurity,FR,2023-09-19,event,Basic,50,False,904,0.4,0.0779816513761468,0.0,2.0,32.0,4.25,0,1,False
A-67be94,Company_276,EdTech,US,2023-04-04,organic,Enterprise,26,False,1072,0.5,0.0408653846153846,0.0,1.0,38.6,4.0,0,1,False
A-4e960a,Company_277,FinTech,US,2024-01-17,other,Enterprise,12,True,784,0.2,0.041015625,0.0,3.0,29.166666666666668,4.0,1,1,True
A-c37cab,Company_278,Cybersecurity,UK,2024-07-29,event,Pro,13,False,590,0.4,0.0564971751412429,0.0,0.0,33.0,3.75,1,1,False
A-533452,Company_279,DevTools,AU,2024-11-12,organic,Pro,9,False,484,0.1,0.0739495798319327,0.0,1.0,32.75,4.0,1,1,False
A-443b7c,Company_280,Cybersecurity,US,2024-09-06,other,Enterprise,1,True,551,0.4,0.046925566343042,0.0,4.0,29.25,4.25,0,1,False
A-1f7acb,Company_281,FinTech,UK,2023-08-06,ads,Basic,64,False,948,0.2,0.092156862745098,0.0,1.0,41.71428571428572,4.285714285714286,1,1,True
A-f51f16,Company_282,HealthTech,US,2023-12-25,partner,Enterprise,1,False,807,0.3,0.0729166666666666,0.0,2.0,29.25,3.5,0,1,False
A-5a3eb9,Company_283,DevTools,CA,2023-08-20,other,Enterprise,18,False,934,0.1,0.0470914127423822,0.0,1.0,24.0,4.0,1,1,True
A-5f2961,Company_284,HealthTech,US,2024-11-22,partner,Basic,4,False,474,0.3,0.0545977011494252,0.0,0.0,53.0,4.0,0,1,False
A-417d2f,Company_285,Cybersecurity,IN,2023-07-04,partner,Pro,4,False,981,0.4,0.0429362880886426,0.0,2.0,43.5,4.166666666666667,0,1,True
A-e98302,Company_286,EdTech,US,2023-12-26,ads,Enterprise,16,False,806,0.5,0.0659340659340659,0.0,3.0,44.44444444444444,4.111111111111111,0,1,True
A-8bde0c,Company_287,DevTools,US,2024-11-04,organic,Basic,12,False,492,0.1,0.055627425614489,0.0,0.0,25.666666666666668,4.0,0,1,False
A-bcf87c,Company_288,FinTech,US,2024-06-27,event,Pro,10,True,622,0.2,0.0377733598409542,0.0,0.0,63.0,4.0,1,1,False
A-54ecc2,Company_289,Cybersecurity,US,2023-06-11,partner,Enterprise,4,False,1004,0.4,0.0642504118616145,0.0,0.0,37.4,4.4,1,1,False
A-625d0b,Company_290,EdTech,AU,2024-09-02,ads,Basic,9,False,555,0.5,0.0718336483931947,0.0,2.0,48.4,3.8,0,1,False
A-fce879,Company_291,EdTech,UK,2024-09-24,partner,Pro,10,True,533,0.5,0.0468227424749163,0.0,1.0,28.0,4.0,1,1,True
A-b07b56,Company_292,DevTools,US,2024-11-08,event,Pro,25,True,488,0.1,0.0616113744075829,0.0,2.0,31.25,3.75,0,1,False
A-6da850,Company_293,FinTech,IN,2023-10-07,organic,Pro,5,False,886,0.2,0.0756302521008403,0.0,1.0,49.0,4.0,1,1,False
A-342303,Company_294,EdTech,US,2024-03-16,other,Pro,1,False,725,0.5,0.0354609929078014,0.0,0.0,29.33333333333333,4.333333333333333,0,1,True
A-e7a1e2,Company_295,Cybersecurity,US,2024-06-23,event,Enterprise,3,False,626,0.4,0.0512091038406827,0.0,0.0,45.0,4.0,0,1,False
A-f1f639,Company_296,EdTech,US,2023-02-26,ads,Basic,2,False,1109,0.5,0.0719424460431654,0.0,1.0,20.0,4.571428571428571,0,1,False
A-a865bd,Company_297,Cybersecurity,US,2023-09-19,organic,Pro,38,False,904,0.4,0.0565217391304347,0.0,1.0,31.5,3.5,0,1,False
A-4e631b,Company_298,FinTech,US,2024-03-16,other,Enterprise,22,False,725,0.2,0.0577689243027888,0.0,1.0,24.5,4.0,1,1,False
A-7f6b86,Company_299,HealthTech,US,2023-08-24,partner,Basic,45,True,930,0.3,0.0333333333333333,0.0,1.0,40.42857142857143,3.857142857142857,0,1,True
A-8adedc,Company_300,EdTech,US,2024-02-11,event,Basic,4,True,759,0.5,0.0566037735849056,0.0,0.0,49.25,4.0,0,1,True
A-2edab2,Company_301,HealthTech,US,2023-11-17,event,Enterprise,17,False,845,0.3,0.0533880903490759,0.0,0.0,30.0,3.75,0,1,False
A-149a69,Company_302,DevTools,US,2024-10-17,event,Basic,34,False,510,0.1,0.0432692307692307,0.0,3.0,33.875,4.125,0,1,False
A-a6d261,Company_303,FinTech,CA,2023-11-29,other,Pro,9,False,833,0.2,0.0462519936204146,0.0,0.0,40.0,4.5,0,1,False
A-443f6f,Company_304,Cybersecurity,US,2024-12-07,organic,Basic,19,False,459,0.4,0.0531309297912713,0.0,1.0,28.0,4.5,0,1,False
A-202b67,Company_305,HealthTech,US,2024-03-22,organic,Pro,11,False,719,0.3,0.0894854586129754,0.0,2.0,36.75,4.5,0,1,False
A-00bed1,Company_306,Cybersecurity,US,2023-11-14,ads,Basic,28,False,848,0.4,0.0525291828793774,0.0,2.0,31.75,4.0,0,1,True
A-ffc04f,Company_307,EdTech,US,2024-06-06,ads,Pro,13,False,643,0.5,0.0746791131855309,0.0,1.0,17.714285714285715,4.285714285714286,1,1,False
A-65c341,Company_308,FinTech,US,2023-12-26,ads,Pro,11,False,806,0.2,0.0439024390243902,0.0,1.0,41.4,4.0,0,1,True
A-dcc2f0,Company_309,FinTech,UK,2023-07-22,organic,Basic,15,False,963,0.2,0.0312124849939975,0.0,1.0,27.0,4.0,0,1,False
A-ced9aa,Company_310,DevTools,US,2024-10-05,other,Enterprise,3,False,522,0.1,0.0734463276836158,0.0,1.0,28.857142857142858,3.857142857142857,0,1,False
A-3d957b,Company_311,HealthTech,UK,2024-04-04,other,Pro,14,False,706,0.3,0.0909090909090909,0.0,1.0,41.333333333333336,3.6666666666666665,0,1,False
A-89ee83,Company_312,Cybersecurity,US,2024-10-04,organic,Pro,1,True,523,0.4,0.0460176991150442,0.0,2.0,21.8,4.0,0,1,False
A-883b7d,Company_313,Cybersecurity,IN,2024-03-28,other,Basic,17,False,713,0.4,0.062111801242236,0.0,4.0,25.571428571428573,3.7142857142857135,0,1,False
A-dcc3f1,Company_314,HealthTech,US,2023-12-27,event,Pro,21,False,805,0.3,0.064,0.0,3.0,35.666666666666664,3.888888888888889,1,1,False
A-c62e55,Company_315,EdTech,US,2023-02-08,partner,Basic,1,False,1127,0.5,0.0385756676557863,0.0,2.0,27.5,4.0,0,1,True
A-e4144b,Company_316,EdTech,UK,2024-10-22,other,Pro,41,False,505,0.5,0.0478359908883826,0.0,1.0,57.0,4.0,0,1,False
A-e40f45,Company_317,HealthTech,US,2024-04-18,organic,Pro,21,False,692,0.3,0.0648379052369077,0.0,2.0,26.714285714285715,4.142857142857143,0,1,False
A-96215d,Company_318,FinTech,US,2024-08-08,event,Enterprise,10,False,580,0.2,0.0605187319884726,0.0,1.0,25.0,3.0,0,1,False
A-2b9d3e,Company_319,EdTech,US,2023-06-04,partner,Enterprise,1,False,1011,0.5,0.0427927927927927,0.0,1.0,34.666666666666664,4.333333333333333,0,1,False
A-b7724f,Company_320,HealthTech,UK,2023-03-28,organic,Basic,1,False,1079,0.3,0.0421052631578947,0.0,1.0,28.666666666666668,3.333333333333333,0,1,False
A-310452,Company_321,DevTools,FR,2024-12-25,other,Enterprise,9,False,441,0.1,0.0597014925373134,0.0,1.0,34.2,3.6,0,1,False
A-eb1312,Company_322,FinTech,US,2024-09-16,partner,Pro,25,False,541,0.2,0.057315233785822,0.0,0.0,68.0,5.0,0,1,False
A-df1e44,Company_323,Cybersecurity,UK,2024-02-23,organic,Enterprise,12,False,747,0.4,0.0333333333333333,0.0,0.0,53.0,4.5,1,1,False
A-6a7c9d,Company_324,Cybersecurity,US,2024-10-24,organic,Enterprise,26,True,503,0.4,0.0317460317460317,0.0,0.0,34.333333333333336,4.0,0,1,False
A-cbd1a3,Company_325,DevTools,US,2024-11-25,other,Basic,6,True,471,0.1,0.0688172043010752,0.0,1.0,34.5,4.0,0,1,False
A-a8d89d,Company_326,EdTech,US,2023-12-08,ads,Pro,13,False,824,0.5,0.0471869328493647,0.0,0.0,44.5,4.5,0,1,False
A-600734,Company_327,DevTools,US,2023-11-14,organic,Pro,29,True,848,0.1,0.0454545454545454,0.0,3.0,52.57142857142857,3.857142857142857,0,1,True
A-86fc1d,Company_328,DevTools,UK,2024-07-26,partner,Basic,26,False,593,0.1,0.071625344352617,0.0,3.0,27.0,4.0,0,1,False
A-78f02b,Company_329,HealthTech,US,2024-11-17,event,Enterprise,11,False,479,0.3,0.0758293838862559,0.0,0.0,45.75,4.0,0,1,False
A-acb7f7,Company_330,EdTech,US,2024-01-06,ads,Basic,32,False,795,0.5,0.0588235294117647,0.0,1.0,41.0,3.6666666666666665,1,1,False
A-712f1c,Company_331,DevTools,US,2023-12-16,ads,Basic,17,True,816,0.1,0.0538827258320126,0.0,2.0,41.66666666666666,4.0,0,1,False
A-3793ee,Company_332,Cybersecurity,CA,2023-03-21,organic,Enterprise,49,False,1086,0.4,0.03125,0.0,0.0,43.75,4.0,1,1,True
A-9a532a,Company_333,HealthTech,US,2024-07-06,partner,Enterprise,11,False,613,0.3,0.081081081081081,0.0,0.0,57.5,4.0,0,1,False
A-2ebb4b,Company_334,HealthTech,US,2023-05-15,ads,Basic,41,False,1031,0.3,0.0676229508196721,0.0,0.0,43.5,3.0,0,1,False
A-6843f2,Company_335,HealthTech,CA,2024-12-10,ads,Enterprise,21,False,456,0.3,0.0353430353430353,0.0,0.0,36.5,3.0,1,1,False
A-c9bb3e,Company_336,EdTech,US,2024-03-24,ads,Pro,5,False,717,0.5,0.0421940928270042,0.0,2.0,27.714285714285715,4.142857142857143,0,1,False
A-4814a3,Company_337,Cybersecurity,IN,2024-09-17,event,Basic,87,True,540,0.4,0.0766609880749574,0.0,2.0,18.75,4.0,1,1,False
A-b7b7b7,Company_338,FinTech,US,2024-06-30,event,Basic,24,True,619,0.2,0.0455341506129597,0.0,0.0,17.0,4.666666666666667,0,1,False
A-ccc747,Company_339,HealthTech,FR,2024-01-12,event,Pro,16,True,789,0.3,0.0457746478873239,0.0,1.0,32.25,4.25,0,1,False
A-bb3bd4,Company_340,HealthTech,US,2024-01-27,ads,Basic,23,False,774,0.3,0.0349206349206349,0.0,3.0,32.72727272727273,4.090909090909091,0,1,False
A-09316c,Company_341,FinTech,AU,2024-09-11,organic,Enterprise,70,False,546,0.2,0.0547703180212014,0.0,0.0,54.75,3.75,0,1,False
A-96bbc6,Company_342,Cybersecurity,US,2024-05-07,organic,Enterprise,39,False,673,0.4,0.0518672199170124,0.0,0.0,51.333333333333336,3.333333333333333,1,1,False
A-bc4d48,Company_343,EdTech,US,2024-06-12,ads,Pro,35,False,637,0.5,0.02803738317757,0.0,1.0,41.16666666666666,4.166666666666667,0,1,True
A-b30291,Company_344,HealthTech,US,2024-04-05,event,Basic,5,True,705,0.3,0.0597302504816955,0.0,1.0,16.0,4.0,0,1,True
A-cdf020,Company_345,DevTools,AU,2023-08-16,organic,Pro,23,False,938,0.1,0.0474934036939313,0.0,1.0,29.5,4.0,0,1,False
A-e6afc1,Company_346,DevTools,US,2023-02-24,ads,Pro,1,False,1111,0.1,0.0441826215022091,0.0,0.0,0.0,0.0,0,1,False
A-e3bd71,Company_347,Cybersecurity,US,2023-03-25,partner,Basic,31,False,1082,0.4,0.0423197492163009,0.0,1.0,30.25,4.0,1,1,False
A-b179bf,Company_348,Cybersecurity,IN,2024-10-27,ads,Basic,43,False,500,0.4,0.0452261306532663,0.0,2.0,24.666666666666668,4.0,0,1,False
A-098560,Company_349,DevTools,UK,2023-10-21,ads,Enterprise,1,True,872,0.1,0.0564373897707231,0.0,0.0,28.0,3.0,0,1,False
A-82861f,Company_350,DevTools,UK,2024-04-25,organic,Basic,41,False,685,0.1,0.093073593073593,0.0,2.0,24.4,3.2,0,1,False
A-94c3cd,Company_351,FinTech,CA,2023-09-20,other,Enterprise,32,False,903,0.2,0.0588235294117647,0.0,1.0,44.75,3.75,0,1,False
A-a33200,Company_352,HealthTech,US,2024-09-15,partner,Basic,29,False,542,0.3,0.0502901353965183,0.0,1.0,36.333333333333336,4.333333333333333,0,1,False
A-034368,Company_353,EdTech,US,2023-11-05,event,Enterprise,19,False,857,0.5,0.0943396226415094,0.0,1.0,41.2,4.0,0,1,False
A-b54c01,Company_354,DevTools,US,2024-09-29,event,Enterprise,29,False,528,0.1,0.0752212389380531,0.0,0.0,42.6,3.6,0,1,False
A-d82ef9,Company_355,EdTech,UK,2024-07-02,other,Basic,26,True,617,0.5,0.0677466863033873,0.0,2.0,39.8,4.2,1,1,False
A-bb2f49,Company_356,Cybersecurity,US,2023-05-28,other,Pro,8,False,1018,0.4,0.0679611650485436,0.0,1.0,22.33333333333333,4.0,1,1,False
A-1f559b,Company_357,HealthTech,US,2023-09-04,organic,Enterprise,5,True,919,0.3,0.0675,0.0,2.0,50.4,4.2,1,1,True
A-5a215a,Company_358,EdTech,FR,2024-01-05,other,Enterprise,87,False,796,0.5,0.0879801734820322,0.0,2.0,29.5,4.0,0,1,False
A-3f9cc0,Company_359,HealthTech,US,2024-06-03,event,Basic,22,False,646,0.3,0.0589680589680589,0.0,2.0,34.8,4.2,1,1,False
A-f9cc74,Company_360,DevTools,FR,2024-10-12,partner,Enterprise,30,False,515,0.1,0.0454545454545454,0.0,0.0,49.833333333333336,4.0,0,1,True
A-ed510f,Company_361,Cybersecurity,IN,2023-01-17,partner,Basic,42,False,1149,0.4,0.0567951318458417,0.0,3.0,44.55555555555556,4.0,0,1,False
A-5c9849,Company_362,EdTech,IN,2024-11-03,partner,Basic,19,False,493,0.5,0.0486257928118393,0.0,2.0,59.5,4.0,0,1,False
A-a7bd4b,Company_363,Cybersecurity,US,2023-02-15,ads,Enterprise,5,False,1120,0.4,0.0642361111111111,0.0,1.0,36.833333333333336,3.5,0,1,False
A-d4ac0e,Company_364,DevTools,UK,2024-04-20,ads,Basic,18,False,690,0.1,0.0668348045397225,0.0,0.0,21.0,3.75,0,1,False
A-ffdfd5,Company_365,EdTech,US,2024-04-13,organic,Basic,3,True,697,0.5,0.052930056710775,0.0,0.0,0.0,0.0,0,1,False
A-0dbdc6,Company_366,Cybersecurity,DE,2023-02-12,other,Pro,30,True,1123,0.4,0.060546875,0.0,0.0,47.0,4.25,0,1,False
A-7cfe77,Company_367,DevTools,US,2024-07-10,ads,Pro,69,False,609,0.1,0.0536585365853658,0.0,1.0,30.714285714285715,3.7142857142857135,1,1,False
A-1f0636,Company_368,EdTech,AU,2024-01-01,partner,Pro,105,False,800,0.5,0.0437956204379562,0.0,0.0,38.5,3.5,0,1,False
A-40de06,Company_369,Cybersecurity,US,2023-05-08,event,Enterprise,28,True,1038,0.4,0.0476718403547671,0.0,1.0,40.333333333333336,4.0,1,1,False
A-cb5333,Company_370,DevTools,US,2024-03-26,ads,Pro,33,False,715,0.1,0.0427135678391959,0.0,1.0,30.75,3.75,1,1,False
A-309e54,Company_371,DevTools,US,2024-12-09,other,Pro,15,False,457,0.1,0.0471512770137524,0.0,2.0,23.8,3.8,1,1,False
A-6e7827,Company_372,DevTools,US,2023-03-26,other,Basic,1,False,1081,0.1,0.0739856801909307,0.0,0.0,51.0,3.5,0,1,False
A-50bb9f,Company_373,Cybersecurity,US,2024-07-12,organic,Pro,2,False,607,0.4,0.0543478260869565,0.0,2.0,33.285714285714285,4.0,0,1,False
A-5fe118,Company_374,Cybersecurity,US,2024-11-07,other,Enterprise,39,False,489,0.4,0.0515021459227467,0.0,1.0,19.0,4.0,0,1,False
A-5247b3,Company_375,FinTech,UK,2024-03-12,partner,Pro,16,False,729,0.2,0.0475409836065573,0.0,2.0,45.8,4.0,0,1,True
A-f44180,Company_376,Cybersecurity,UK,2023-02-13,event,Pro,9,False,1122,0.4,0.0423076923076923,0.0,1.0,46.5,5.0,0,1,False
A-c16cf7,Company_377,EdTech,US,2024-10-16,event,Pro,13,False,511,0.5,0.0450606585788561,0.0,0.0,48.333333333333336,3.6666666666666665,0,1,True
A-d42431,Company_378,FinTech,FR,2024-06-09,ads,Enterprise,22,False,640,0.2,0.074398249452954,0.0,2.0,24.25,4.0,1,1,True
A-6965e1,Company_379,DevTools,US,2024-11-25,organic,Basic,13,False,471,0.1,0.0462519936204146,0.0,0.0,39.0,3.6666666666666665,1,1,False
A-0354fe,Company_380,Cybersecurity,US,2024-10-22,other,Basic,34,False,505,0.4,0.0647948164146868,0.0,0.0,20.0,4.0,0,1,False
A-0a62f5,Company_381,FinTech,UK,2024-09-11,partner,Pro,16,False,546,0.2,0.0286885245901639,0.0,1.0,33.5,4.0,0,1,False
A-f5641b,Company_382,EdTech,US,2024-03-30,other,Pro,31,False,711,0.5,0.0410958904109589,0.0,1.0,47.5,3.5,1,1,False
A-b44e3e,Company_383,Cybersecurity,UK,2024-02-12,ads,Basic,40,False,758,0.4,0.0335917312661498,0.0,2.0,40.0,4.333333333333333,0,1,False
A-3b37d9,Company_384,FinTech,US,2023-01-27,event,Enterprise,23,False,1139,0.2,0.0465631929046563,0.0,1.0,36.0,4.2,0,1,False
A-54d94a,Company_385,Cybersecurity,IN,2023-05-01,event,Basic,27,False,1045,0.4,0.0481099656357388,0.0,0.0,53.75,3.75,1,1,False
A-7f29a7,Company_386,Cybersecurity,UK,2024-09-18,event,Basic,41,False,539,0.4,0.061389337641357,0.0,1.0,24.0,4.0,0,1,True
A-089363,Company_387,FinTech,AU,2023-05-06,event,Basic,2,False,1040,0.2,0.0525477707006369,0.0,0.0,35.0,3.6666666666666665,0,1,False
A-524364,Company_388,DevTools,FR,2024-12-31,partner,Enterprise,3,False,435,0.1,0.1012658227848101,0.0,1.0,47.66666666666666,4.333333333333333,0,1,False
A-855a48,Company_389,EdTech,US,2023-12-22,partner,Pro,14,False,810,0.5,0.0357142857142857,0.0,1.0,39.6,3.8,1,1,True
A-756192,Company_390,FinTech,IN,2023-06-11,other,Basic,19,False,1004,0.2,0.0696920583468395,0.0,2.0,37.333333333333336,4.0,0,1,False
A-49b828,Company_391,FinTech,IN,2023-05-05,ads,Pro,6,False,1041,0.2,0.0655021834061135,0.0,0.0,13.666666666666666,3.6666666666666665,0,1,False
A-c7ffc2,Company_392,Cybersecurity,US,2023-01-27,partner,Pro,30,False,1139,0.4,0.04375,0.0,0.0,64.0,3.5,0,1,True
A-751c58,Company_393,FinTech,UK,2024-07-18,organic,Basic,15,False,601,0.2,0.0209059233449477,0.0,0.0,39.6,4.2,0,1,False
A-72799b,Company_394,DevTools,FR,2023-11-13,event,Enterprise,20,True,849,0.1,0.0618181818181818,0.0,0.0,33.5,4.5,1,1,False
A-812c5b,Company_395,DevTools,CA,2024-02-25,organic,Basic,55,True,745,0.1,0.0531177829099307,0.0,2.0,27.0,4.0,0,1,False
A-69b156,Company_396,EdTech,US,2023-11-21,other,Pro,7,True,841,0.5,0.0555555555555555,0.0,0.0,32.0,4.0,1,1,False
A-075038,Company_397,HealthTech,UK,2023-05-12,ads,Basic,17,False,1034,0.3,0.0417227456258411,0.0,0.0,43.5,3.0,0,1,False
A-940b8b,Company_398,HealthTech,DE,2024-03-19,organic,Basic,1,False,722,0.3,0.0883977900552486,0.0,1.0,41.333333333333336,4.0,1,1,False
A-2d1036,Company_399,FinTech,US,2024-06-14,ads,Pro,69,True,635,0.2,0.0578034682080924,0.0,1.0,37.8,4.6,1,1,False
A-0f6450,Company_400,FinTech,US,2024-12-27,other,Pro,28,True,439,0.2,0.072356215213358,0.0,1.0,29.75,3.875,0,1,True
A-9affe6,Company_401,Cybersecurity,US,2023-03-22,other,Pro,7,False,1085,0.4,0.0338266384778012,0.0,1.0,58.0,3.6666666666666665,0,1,False
A-80eeb6,Company_402,Cybersecurity,UK,2023-05-09,organic,Enterprise,22,False,1037,0.4,0.0593103448275862,0.0,1.0,40.25,3.75,1,1,False
A-d4e0d4,Company_403,FinTech,US,2024-10-18,other,Basic,117,False,509,0.2,0.0676229508196721,0.0,0.0,39.25,4.0,1,1,False
A-c7e58b,Company_404,HealthTech,IN,2023-06-25,other,Pro,3,False,990,0.3,0.0524781341107871,0.0,1.0,30.6,3.6,0,1,False
A-016043,Company_405,EdTech,CA,2024-07-31,organic,Basic,4,False,588,0.5,0.0428571428571428,0.0,0.0,30.33333333333333,4.0,0,1,True
A-bbe56f,Company_406,HealthTech,US,2023-02-16,ads,Enterprise,21,False,1119,0.3,0.0344827586206896,0.0,1.0,26.25,4.0,0,1,False
A-7c5768,Company_407,HealthTech,UK,2024-03-02,event,Enterprise,3,False,739,0.3,0.0672451193058568,0.0,2.0,28.8,4.0,0,1,False
A-751bd4,Company_408,Cybersecurity,UK,2024-07-12,partner,Pro,10,False,607,0.4,0.0,0.0,3.0,23.166666666666668,4.166666666666667,0,1,False
A-4e0e85,Company_409,DevTools,US,2023-09-08,organic,Enterprise,6,False,915,0.1,0.03125,0.0,0.0,53.0,4.5,0,1,False
A-ad3abd,Company_410,FinTech,US,2023-03-03,event,Pro,44,False,1104,0.2,0.0371621621621621,0.0,1.0,13.0,3.333333333333333,0,1,False
A-e19ff6,Company_411,Cybersecurity,UK,2023-07-28,partner,Enterprise,1,False,957,0.4,0.0526315789473684,0.0,1.0,30.666666666666668,4.666666666666667,0,1,False
A-7920cc,Company_412,Cybersecurity,FR,2023-11-23,ads,Pro,39,False,839,0.4,0.0465890183028286,0.0,1.0,32.857142857142854,4.142857142857143,0,1,False
A-5a92e7,Company_413,HealthTech,US,2024-06-11,ads,Pro,4,False,638,0.3,0.0858757062146892,0.0,3.0,45.0,4.285714285714286,0,1,False
A-fdfc91,Company_414,Cybersecurity,US,2023-05-06,ads,Basic,29,False,1040,0.4,0.051418439716312,0.0,4.0,28.8,3.8,0,1,False
A-1e50e0,Company_415,Cybersecurity,DE,2023-02-21,other,Pro,19,True,1114,0.4,0.0773195876288659,0.0,1.0,20.5,4.5,0,1,True
A-1e1b80,Company_416,FinTech,CA,2023-09-12,other,Enterprise,50,False,911,0.2,0.0689149560117302,0.0,1.0,43.0,3.333333333333333,0,1,False
A-659280,Company_417,FinTech,IN,2023-11-17,event,Enterprise,13,True,845,0.2,0.0554649265905383,0.0,0.0,8.0,4.25,0,1,True
A-f6b2fb,Company_418,DevTools,AU,2024-04-23,event,Basic,23,False,687,0.1,0.0706106870229007,0.0,0.0,55.0,4.0,1,1,False
A-cb6cc6,Company_419,DevTools,US,2023-04-03,ads,Basic,13,False,1073,0.1,0.0828025477707006,0.0,0.0,16.333333333333332,3.6666666666666665,0,1,True
A-d62e02,Company_420,Cybersecurity,US,2024-08-20,partner,Pro,6,False,568,0.4,0.066860465116279,0.0,0.0,36.0,4.0,1,1,False
A-d535f6,Company_421,DevTools,US,2024-09-03,organic,Basic,12,True,554,0.1,0.060796645702306,0.0,0.0,0.0,0.0,1,1,True
A-39868b,Company_422,FinTech,AU,2024-03-17,partner,Pro,9,False,724,0.2,0.0688524590163934,0.0,1.0,39.0,4.166666666666667,0,1,False
A-3cc791,Company_423,EdTech,US,2024-01-10,other,Enterprise,6,False,791,0.5,0.0671140939597315,0.0,1.0,48.333333333333336,4.166666666666667,0,1,False
A-337bc1,Company_424,Cybersecurity,US,2023-07-19,organic,Pro,30,False,966,0.4,0.08,0.0,0.0,32.5,4.0,1,1,True
A-58b9ff,Company_425,DevTools,IN,2024-05-31,partner,Enterprise,2,False,649,0.1,0.047976011994003,0.0,0.0,66.0,4.0,1,1,False
A-bf7919,Company_426,HealthTech,US,2024-11-27,organic,Pro,3,False,469,0.3,0.0534351145038167,0.0,0.0,14.5,4.5,0,1,False
A-1d5444,Company_427,Cybersecurity,US,2024-01-18,partner,Basic,24,True,783,0.4,0.0591216216216216,0.0,0.0,30.0,4.0,0,1,False
A-0f3e88,Company_428,HealthTech,US,2023-07-23,other,Basic,7,True,962,0.3,0.0468227424749163,0.0,1.0,48.0,4.333333333333333,0,1,False
A-7641d3,Company_429,EdTech,US,2023-02-16,partner,Pro,8,True,1119,0.5,0.0500963391136801,0.0,2.0,45.2,4.2,1,1,True
A-cd458b,Company_430,DevTools,US,2024-06-15,other,Basic,10,False,634,0.1,0.0520833333333333,0.0,4.0,38.4,4.6,1,1,True
A-c16b88,Company_431,HealthTech,US,2023-12-02,event,Enterprise,23,False,830,0.3,0.0525164113785558,0.0,0.0,48.333333333333336,3.6666666666666665,0,1,False
A-59f724,Company_432,HealthTech,US,2023-11-03,other,Enterprise,3,False,859,0.3,0.0675287356321839,0.0,2.0,19.25,4.25,0,1,True
A-87aa7b,Company_433,HealthTech,US,2024-05-16,organic,Pro,24,False,664,0.3,0.0471698113207547,0.0,1.0,27.33333333333333,4.0,1,1,True
A-1e6fc3,Company_434,EdTech,FR,2023-12-06,other,Pro,1,False,826,0.5,0.0778688524590164,0.0,1.0,23.8,3.8,0,1,False
A-39ddf4,Company_435,EdTech,US,2024-12-05,partner,Enterprise,40,False,461,0.5,0.0791208791208791,0.0,0.0,23.0,4.2,0,1,False
A-34ea2f,Company_436,HealthTech,US,2024-08-15,organic,Enterprise,8,True,573,0.3,0.0545454545454545,0.0,3.0,35.25,3.875,0,1,False
A-716841,Company_437,FinTech,US,2024-05-06,other,Pro,45,False,674,0.2,0.0377906976744186,0.0,0.0,29.8,4.0,0,1,False
A-558c72,Company_438,FinTech,US,2023-06-01,organic,Basic,12,False,1014,0.2,0.054054054054054,0.0,1.0,64.25,4.25,0,1,False
A-b11cd0,Company_439,DevTools,US,2023-01-20,ads,Pro,26,True,1146,0.1,0.0575539568345323,0.0,0.0,38.5,4.0,0,1,True
A-cc1d8d,Company_440,FinTech,US,2024-12-08,other,Pro,5,False,458,0.2,0.0776699029126213,0.0,0.0,30.2,4.2,1,1,False
A-7f4db3,Company_441,FinTech,US,2023-03-05,other,Pro,4,False,1102,0.2,0.0545023696682464,0.0,1.0,16.6,3.4,1,1,False
A-db5e9e,Company_442,DevTools,US,2024-11-09,partner,Basic,4,False,487,0.1,0.046075085324232,0.0,0.0,66.0,5.0,1,1,False
A-cc102e,Company_443,HealthTech,US,2024-04-15,partner,Enterprise,13,False,695,0.3,0.098984771573604,0.0,0.0,33.25,4.25,0,1,False
A-82d8a6,Company_444,Cybersecurity,UK,2024-11-28,ads,Basic,5,False,468,0.4,0.0574886535552193,0.0,1.0,42.2,3.8,1,1,False
A-dec005,Company_445,HealthTech,US,2023-10-13,partner,Pro,21,False,880,0.3,0.0926315789473684,0.0,0.0,59.0,3.5,0,1,False
A-5790f4,Company_446,FinTech,UK,2024-12-22,event,Pro,1,False,444,0.2,0.0809968847352024,0.0,1.0,44.0,4.0,0,1,True
A-7c83a1,Company_447,Cybersecurity,US,2024-05-06,partner,Pro,12,False,674,0.4,0.0363924050632911,0.0,0.0,42.0,4.0,1,1,False
A-297a2d,Company_448,HealthTech,UK,2023-05-05,event,Pro,27,False,1041,0.3,0.0901639344262295,0.0,0.0,32.5,3.5,0,1,False
A-4c56c9,Company_449,FinTech,US,2023-12-20,partner,Enterprise,9,True,812,0.2,0.0609951845906902,0.0,0.0,38.6,3.8,0,1,False
A-cbbe12,Company_450,Cybersecurity,DE,2023-03-22,partner,Enterprise,40,False,1085,0.4,0.0561797752808988,0.0,2.0,38.0,4.166666666666667,1,1,False
A-4a267b,Company_451,FinTech,US,2024-05-05,other,Pro,25,False,675,0.2,0.0441767068273092,0.0,1.0,16.25,4.25,1,1,False
A-bcbe98,Company_452,Cybersecurity,US,2024-07-29,other,Enterprise,46,False,590,0.4,0.0677165354330708,0.0,3.0,38.285714285714285,4.0,1,1,False
A-427b69,Company_453,FinTech,US,2024-08-23,other,Basic,17,False,565,0.2,0.0515759312320916,0.0,1.0,31.5,3.5,0,1,False
A-0be015,Company_454,FinTech,US,2024-10-15,event,Pro,19,False,512,0.2,0.0437710437710437,0.0,2.0,40.285714285714285,4.142857142857143,0,1,False
A-054577,Company_455,EdTech,UK,2024-04-28,ads,Basic,2,False,682,0.5,0.0624249699879951,0.0,1.0,46.0,4.0,1,1,False
A-bc87bc,Company_456,FinTech,US,2024-07-17,event,Pro,3,False,602,0.2,0.0355329949238578,0.0,1.0,40.57142857142857,3.857142857142857,0,1,False
A-0f7d77,Company_457,FinTech,IN,2024-10-28,partner,Pro,3,False,499,0.2,0.0637583892617449,0.0,0.0,27.2,4.4,0,1,False
A-e7beab,Company_458,EdTech,DE,2023-10-20,organic,Enterprise,5,False,873,0.5,0.0455764075067024,0.0,0.0,36.66666666666666,4.0,0,1,False
A-a09355,Company_459,FinTech,US,2024-08-10,organic,Basic,14,False,578,0.2,0.0596446700507614,0.0,3.0,32.6,4.0,1,1,False
A-31ab9a,Company_460,FinTech,DE,2024-03-03,organic,Pro,3,False,738,0.2,0.0676470588235294,0.0,2.0,43.142857142857146,3.7142857142857135,0,1,False
A-0158bb,Company_461,FinTech,DE,2024-05-22,partner,Basic,5,False,658,0.2,0.0604395604395604,0.0,1.0,32.0,3.0,0,1,False
A-f19b24,Company_462,Cybersecurity,US,2023-01-10,organic,Pro,29,False,1156,0.4,0.0840336134453781,0.0,1.0,35.5,4.0,0,1,True
A-798a3f,Company_463,DevTools,FR,2023-10-19,other,Enterprise,12,True,874,0.1,0.0539772727272727,0.0,3.0,33.0,4.0,0,1,False
A-42b791,Company_464,FinTech,AU,2024-05-20,event,Pro,3,False,660,0.2,0.0192307692307692,0.0,1.0,33.666666666666664,4.0,0,1,False
A-068fc6,Company_465,EdTech,US,2023-07-17,event,Enterprise,35,False,968,0.5,0.0484949832775919,0.0,4.0,38.8,4.2,0,1,False
A-6f50ae,Company_466,FinTech,US,2023-09-21,partner,Pro,19,True,902,0.2,0.0591861898890258,0.0,1.0,31.0,4.4,1,1,False
A-a2485e,Company_467,FinTech,US,2024-08-04,event,Pro,3,False,584,0.2,0.0410094637223974,0.0,0.0,0.0,0.0,1,1,True
A-bb1eaa,Company_468,Cybersecurity,US,2024-06-11,organic,Basic,21,False,638,0.4,0.0426829268292682,0.0,4.0,23.5,4.166666666666667,1,1,False
A-cc98bc,Company_469,DevTools,US,2023-05-24,ads,Basic,32,False,1022,0.1,0.043557168784029,0.0,1.0,4.666666666666667,4.0,0,1,False
A-d77f4c,Company_470,DevTools,US,2023-09-25,partner,Pro,4,False,898,0.1,0.0518638573743922,0.0,1.0,31.0,4.0,1,1,True
A-ccabf0,Company_471,HealthTech,IN,2023-11-06,organic,Pro,1,False,856,0.3,0.0573122529644268,0.0,0.0,46.25,3.75,1,1,False
A-700ade,Company_472,Cybersecurity,UK,2024-10-31,organic,Enterprise,1,False,496,0.4,0.0633802816901408,0.0,3.0,30.25,4.5,0,1,True
A-4a4c2d,Company_473,DevTools,US,2023-05-02,event,Enterprise,54,False,1044,0.1,0.0630323679727427,0.0,0.0,42.0,4.2,1,1,False
A-b7ef83,Company_474,Cybersecurity,UK,2024-05-29,partner,Pro,1,False,651,0.4,0.0528455284552845,0.0,1.0,47.5,4.0,0,1,True
A-e08cd3,Company_475,FinTech,US,2024-09-21,ads,Pro,67,False,536,0.2,0.0486111111111111,0.0,3.0,30.375,4.0,1,1,True
A-19b2c8,Company_476,DevTools,IN,2023-06-06,other,Pro,20,False,1009,0.1,0.0565723793677204,0.0,0.0,29.33333333333333,4.666666666666667,0,1,False
A-970c97,Company_477,HealthTech,DE,2024-03-01,other,Enterprise,14,False,740,0.3,0.054054054054054,0.0,1.0,61.0,5.0,1,1,False
A-6dee43,Company_478,FinTech,UK,2023-08-12,other,Basic,3,False,942,0.2,0.0238611713665943,0.0,3.0,44.2,4.2,0,1,True
A-5ed98d,Company_479,DevTools,US,2024-06-22,partner,Basic,24,False,627,0.1,0.0576923076923076,0.0,2.0,35.8,4.2,0,1,False
A-c58f49,Company_480,EdTech,US,2024-07-31,other,Enterprise,70,False,588,0.5,0.0606060606060606,0.0,2.0,36.333333333333336,4.333333333333333,0,1,True
A-9c18c4,Company_481,HealthTech,US,2023-07-27,ads,Pro,11,True,958,0.3,0.066546762589928,0.0,1.0,42.25,4.0,0,1,False
A-cc8c8f,Company_482,DevTools,US,2024-06-16,ads,Enterprise,23,False,633,0.1,0.0671641791044776,0.0,2.0,14.5,3.5,1,1,False
A-5f7781,Company_483,DevTools,US,2024-08-20,other,Pro,22,False,568,0.1,0.0546448087431694,0.0,0.0,28.5,4.0,0,1,False
A-e1b9cd,Company_484,DevTools,US,2023-02-26,event,Pro,40,True,1109,0.1,0.0559523809523809,0.0,0.0,35.0,3.0,1,1,False
A-ac85cd,Company_485,EdTech,US,2024-07-31,partner,Enterprise,53,False,588,0.5,0.0457413249211356,0.0,0.0,33.666666666666664,3.6666666666666665,1,1,False
A-d792a6,Company_486,DevTools,US,2023-01-23,organic,Enterprise,4,False,1143,0.1,0.0579710144927536,0.0,2.0,40.6,4.0,1,1,False
A-ac9111,Company_487,HealthTech,US,2023-08-12,event,Pro,21,False,942,0.3,0.0569306930693069,0.0,2.0,24.666666666666668,4.333333333333333,1,1,True
A-18793f,Company_488,EdTech,US,2024-12-18,organic,Basic,148,False,448,0.5,0.0411522633744856,0.0,0.0,45.2,3.8,0,1,True
A-9f0b68,Company_489,EdTech,US,2024-04-28,ads,Basic,10,False,682,0.5,0.0465444287729196,0.0,1.0,30.33333333333333,3.6666666666666665,1,1,False
A-d3c88e,Company_490,DevTools,US,2024-10-18,event,Pro,16,False,509,0.1,0.0745341614906832,0.0,1.0,58.0,4.0,0,1,False
A-ccb686,Company_491,DevTools,US,2024-01-22,other,Basic,10,False,779,0.1,0.0638002773925104,0.0,0.0,67.0,4.0,1,1,False
A-118f1c,Company_492,Cybersecurity,US,2024-10-31,other,Pro,32,False,496,0.4,0.037940379403794,0.0,0.0,64.0,3.0,0,1,False
A-0e966d,Company_493,FinTech,IN,2024-06-25,ads,Basic,11,True,624,0.2,0.0534591194968553,0.0,0.0,31.666666666666668,4.333333333333333,0,1,False
A-b9f5b1,Company_494,Cybersecurity,US,2023-01-24,other,Pro,15,False,1142,0.4,0.0390879478827361,0.0,2.0,31.83333333333333,3.333333333333333,0,1,True
A-8ae3fc,Company_495,DevTools,CA,2024-06-28,ads,Pro,9,False,621,0.1,0.0746268656716417,0.0,2.0,39.5,3.75,0,1,False
A-55f257,Company_496,FinTech,US,2023-12-21,organic,Basic,9,False,811,0.2,0.0525210084033613,0.0,2.0,43.16666666666666,4.666666666666667,0,1,False
A-d26ab4,Company_497,DevTools,UK,2024-11-07,organic,Basic,9,True,489,0.1,0.0524017467248908,0.0,1.0,49.5,4.0,1,1,False
A-712533,Company_498,EdTech,US,2023-07-31,organic,Pro,18,False,954,0.5,0.0612959719789842,0.0,0.0,37.4,3.8,0,1,False
A-781cc0,Company_499,EdTech,US,2024-09-04,organic,Pro,12,False,553,0.5,0.0486111111111111,0.0,0.0,57.5,3.75,0,1,False
