account_id,plan_tier,industry,seats,churn_flag,mrr_amount,nb_subscriptions,duree_abonnement_jours,auto_renew_rate,nb_tickets,satisfaction_score_moyen,nb_tickets_urgents,nb_escalations,usage_count_moyen,nb_features_distinctes,error_count_moyen,a_churne
A-2e4581,Basic,EdTech,1970-01-01 00:00:00.000000009,False,1260.3,10,,0.8,2.0,,0.0,0.0,9.727272727272727,1,0.6909090909090909,1
A-43a9e3,Basic,FinTech,1970-01-01 00:00:00.000000018,True,1250.5,8,,0.75,3.0,,0.0,0.0,10.142857142857142,1,0.4,0
A-0a282f,Basic,DevTools,1970-01-01 00:00:00.000000001,False,1219.0666666666666,15,35.666666666666664,1.0,3.0,,0.0,0.0,9.891566265060241,1,0.5783132530120482,1
A-1f0ac7,Basic,HealthTech,1970-01-01 00:00:00.000000024,False,1325.0,7,,0.7142857142857143,2.0,,0.0,0.0,9.317073170731707,1,0.5121951219512195,1
A-ce550d,Enterprise,HealthTech,1970-01-01 00:00:00.000000035,True,5417.888888888889,9,4.5,0.6666666666666666,7.0,,0.0,0.0,9.982758620689655,1,0.5344827586206896,1
A-1b9609,Enterprise,EdTech,1970-01-01 00:00:00.000000004,False,1528.1818181818182,11,8.0,0.8181818181818182,4.0,,0.0,0.0,9.72340425531915,1,0.44680851063829785,1
A-a0ca4e,Pro,Cybersecurity,1970-01-01 00:00:00.000000011,False,1848.111111111111,9,,0.8888888888888888,6.0,,0.0,0.0,9.564102564102564,1,0.358974358974359,0
A-e5d6ab,Pro,EdTech,1970-01-01 00:00:00.000000003,False,1304.8,10,214.0,0.9,3.0,,0.0,0.0,9.317073170731707,1,0.5609756097560976,1
A-7dacce,Enterprise,Cybersecurity,1970-01-01 00:00:00.000000012,True,2305.7,10,,0.7,4.0,,0.0,0.0,9.833333333333334,1,0.6041666666666666,1
A-10b8da,Enterprise,DevTools,1970-01-01 00:00:00.000000014,True,1464.5,6,254.0,0.6666666666666666,3.0,,0.0,0.0,9.518518518518519,1,0.5185185185185185,0
A-592832,Basic,Cybersecurity,1970-01-01 00:00:00.000000018,True,1714.2631578947369,19,31.666666666666668,0.7894736842105263,3.0,,0.0,0.0,10.425742574257425,1,0.5445544554455446,1
A-d40bf7,Basic,FinTech,1970-01-01 00:00:00.000000059,False,4324.7,10,,0.6,2.0,,0.0,0.0,10.218181818181819,1,0.4,0
A-6c093d,Basic,DevTools,1970-01-01 00:00:00.000000007,False,1353.5,12,179.0,0.8333333333333334,3.0,,0.0,0.0,10.46875,1,0.46875,0
A-462d45,Enterprise,Cybersecurity,1970-01-01 00:00:00.000000011,False,1952.6666666666667,12,75.5,0.8333333333333334,4.0,,0.0,0.0,9.304347826086957,1,0.37681159420289856,1
A-956988,Enterprise,EdTech,1970-01-01 00:00:00.000000001,False,2262.076923076923,13,9.0,0.7692307692307693,2.0,,0.0,0.0,9.4,1,0.7,1
A-ac14bb,Enterprise,FinTech,1970-01-01 00:00:00.000000021,False,3468.25,8,165.5,0.875,2.0,,0.0,0.0,9.833333333333334,1,0.7777777777777778,1
A-463db0,Basic,HealthTech,1970-01-01 00:00:00.000000015,False,1895.142857142857,7,,0.7142857142857143,6.0,,0.0,0.0,9.91891891891892,1,0.35135135135135137,1
A-ce66f8,Pro,EdTech,1970-01-01 00:00:00.000000029,False,1976.3333333333333,6,,1.0,6.0,,0.0,0.0,10.73913043478261,1,0.41304347826086957,0
A-c4ea60,Enterprise,FinTech,1970-01-01 00:00:00.000000018,True,1627.3333333333333,9,,0.7777777777777778,5.0,,0.0,0.0,9.930232558139535,1,0.4186046511627907,0
A-832ec2,Enterprise,FinTech,1970-01-01 00:00:00.000000004,False,1162.375,8,,0.375,3.0,,0.0,0.0,10.428571428571429,1,0.5102040816326531,1
A-684255,Enterprise,FinTech,1970-01-01 00:00:00.000000009,False,846.0,14,32.333333333333336,0.6428571428571429,4.0,,0.0,0.0,9.893939393939394,1,0.6666666666666666,1
A-c42f1f,Pro,HealthTech,1970-01-01 00:00:00.000000008,False,646.875,8,59.0,0.75,9.0,,0.0,0.0,9.628571428571428,1,0.5714285714285714,0
A-4e44e8,Enterprise,DevTools,1970-01-01 00:00:00.000000003,True,2603.214285714286,14,20.5,0.7857142857142857,3.0,,0.0,0.0,9.956521739130435,1,0.5362318840579711,1
A-30b4ca,Basic,EdTech,1970-01-01 00:00:00.000000086,True,9492.25,8,,0.875,3.0,,0.0,0.0,9.571428571428571,1,0.5238095238095238,1
A-9f2731,Enterprise,FinTech,1970-01-01 00:00:00.000000001,False,516.1428571428571,7,,1.0,0.0,,0.0,0.0,10.125,1,0.625,1
A-32fb14,Enterprise,DevTools,1970-01-01 00:00:00.000000026,True,1129.111111111111,9,128.5,0.7777777777777778,5.0,,0.0,0.0,10.382978723404255,1,0.40425531914893614,1
A-00cac8,Enterprise,HealthTech,1970-01-01 00:00:00.000000008,False,1569.0,9,,0.8888888888888888,2.0,,0.0,0.0,10.379310344827585,1,0.5344827586206896,0
A-35083d,Basic,HealthTech,1970-01-01 00:00:00.000000019,True,2027.0625,16,53.0,0.875,4.0,,0.0,0.0,10.98611111111111,1,0.5138888888888888,0
A-eb7fac,Enterprise,DevTools,1970-01-01 00:00:00.000000007,False,4209.6,10,92.0,0.9,4.0,,0.0,0.0,10.150943396226415,1,0.8301886792452831,1
A-b20d99,Basic,HealthTech,1970-01-01 00:00:00.000000020,False,1581.2857142857142,7,,0.8571428571428571,2.0,,0.0,0.0,9.969696969696969,1,0.36363636363636365,1
A-396e5f,Enterprise,Cybersecurity,1970-01-01 00:00:00.000000002,False,1023.6,10,,0.8,5.0,,0.0,0.0,9.818181818181818,1,0.41818181818181815,1
A-45ce7a,Enterprise,FinTech,1970-01-01 00:00:00.000000016,False,1173.7142857142858,7,276.0,0.7142857142857143,5.0,,0.0,0.0,10.871794871794872,1,0.7692307692307693,0
A-08e34e,Basic,EdTech,1970-01-01 00:00:00.000000014,True,1983.7272727272727,11,,0.6363636363636364,3.0,,0.0,0.0,10.333333333333334,1,0.5079365079365079,1
A-8145a0,Basic,Cybersecurity,1970-01-01 00:00:00.000000002,False,1438.3333333333333,12,129.0,0.9166666666666666,6.0,,0.0,0.0,10.828125,1,0.421875,1
A-bad8c1,Basic,FinTech,1970-01-01 00:00:00.000000007,False,1113.857142857143,7,,1.0,1.0,,0.0,0.0,10.405405405405405,1,0.2972972972972973,1
A-44dc83,Basic,EdTech,1970-01-01 00:00:00.000000005,False,114.0,4,,1.0,7.0,,0.0,0.0,10.333333333333334,1,0.5416666666666666,1
A-f446b6,Pro,DevTools,1970-01-01 00:00:00.000000005,False,1265.7777777777778,9,80.0,0.7777777777777778,8.0,,0.0,0.0,9.64102564102564,1,0.7948717948717948,0
A-a45270,Enterprise,HealthTech,1970-01-01 00:00:00.000000003,False,1677.5833333333333,12,8.0,0.75,4.0,,0.0,0.0,10.32394366197183,1,0.7464788732394366,1
A-854864,Enterprise,FinTech,1970-01-01 00:00:00.000000020,False,2459.8333333333335,6,3.0,0.8333333333333334,5.0,,0.0,0.0,10.333333333333334,1,0.4166666666666667,1
A-1b7577,Pro,Cybersecurity,1970-01-01 00:00:00.000000004,False,797.3636363636364,11,5.0,1.0,5.0,,0.0,0.0,10.435483870967742,1,0.532258064516129,0
A-05f0e5,Basic,FinTech,1970-01-01 00:00:00.000000032,False,4259.083333333333,12,,0.8333333333333334,4.0,,0.0,0.0,10.537313432835822,1,0.6865671641791045,1
A-9077b0,Basic,HealthTech,1970-01-01 00:00:00.000000002,False,509.2857142857143,7,19.0,1.0,3.0,,0.0,0.0,10.717391304347826,1,0.6739130434782609,0
A-7f8241,Pro,EdTech,1970-01-01 00:00:00.000000034,True,2634.4,15,,0.6666666666666666,1.0,,0.0,0.0,9.532467532467532,1,0.4935064935064935,0
A-2bc93d,Basic,HealthTech,1970-01-01 00:00:00.000000014,False,2491.846153846154,13,16.0,0.8461538461538461,2.0,,0.0,0.0,9.940298507462687,1,0.4626865671641791,1
A-f3ff05,Enterprise,FinTech,1970-01-01 00:00:00.000000002,False,1497.3076923076924,13,30.0,0.9230769230769231,3.0,,0.0,0.0,10.181818181818182,1,0.5454545454545454,1
A-2d4502,Basic,FinTech,1970-01-01 00:00:00.000000007,False,2907.1,10,,0.7,3.0,,0.0,0.0,9.893617021276595,1,0.40425531914893614,1
A-6a4e2d,Pro,EdTech,1970-01-01 00:00:00.000000009,False,944.9090909090909,11,241.66666666666666,0.8181818181818182,2.0,,0.0,0.0,10.11864406779661,1,0.5254237288135594,1
A-eb7c38,Enterprise,DevTools,1970-01-01 00:00:00.000000005,False,2547.3333333333335,15,91.75,0.6666666666666666,5.0,,0.0,0.0,9.9,1,0.38571428571428573,1
A-c37601,Basic,EdTech,1970-01-01 00:00:00.000000006,False,1706.25,12,23.5,0.8333333333333334,4.0,,0.0,0.0,10.1875,1,0.4375,1
A-3b5cd1,Basic,FinTech,1970-01-01 00:00:00.000000013,False,1821.2307692307693,13,,0.6923076923076923,5.0,,0.0,0.0,10.057692307692308,1,0.46153846153846156,1
A-b2225d,Basic,FinTech,1970-01-01 00:00:00.000000047,True,1590.6666666666667,12,,0.75,2.0,,0.0,0.0,9.534246575342467,1,0.821917808219178,1
A-94f8c9,Basic,HealthTech,1970-01-01 00:00:00.000000013,False,1999.3125,16,42.0,0.875,3.0,,0.0,0.0,9.688311688311689,1,0.8181818181818182,1
A-02fac6,Pro,FinTech,1970-01-01 00:00:00.000000022,False,2400.909090909091,11,,0.8181818181818182,6.0,,0.0,0.0,9.69811320754717,1,0.6415094339622641,1
A-c1dfe1,Pro,DevTools,1970-01-01 00:00:00.000000026,False,3223.75,8,143.0,0.625,3.0,,0.0,0.0,9.615384615384615,1,0.7692307692307693,1
A-32728c,Pro,DevTools,1970-01-01 00:00:00.000000020,True,562.25,8,281.0,1.0,2.0,,0.0,0.0,10.195121951219512,1,0.5365853658536586,1
A-4c38bc,Basic,HealthTech,1970-01-01 00:00:00.000000036,True,3003.75,16,94.0,0.875,3.0,,0.0,0.0,10.098765432098766,1,0.3333333333333333,0
A-1b707d,Enterprise,Cybersecurity,1970-01-01 00:00:00.000000001,False,1166.5,8,72.0,0.625,3.0,,0.0,0.0,10.5,1,0.3157894736842105,1
A-6f8ad2,Basic,EdTech,1970-01-01 00:00:00.000000001,False,1525.1764705882354,17,17.5,0.5882352941176471,4.0,,0.0,0.0,10.5,1,0.6704545454545454,0
A-4d1e75,Basic,DevTools,1970-01-01 00:00:00.000000020,False,2414.6153846153848,13,,0.6923076923076923,2.0,,0.0,0.0,9.352941176470589,1,0.49019607843137253,1
A-9ee962,Basic,HealthTech,1970-01-01 00:00:00.000000009,True,1046.6666666666667,9,90.5,0.7777777777777778,3.0,,0.0,0.0,11.256410256410257,1,0.4358974358974359,1
A-378b99,Pro,EdTech,1970-01-01 00:00:00.000000008,False,1009.6666666666666,12,28.0,1.0,6.0,,0.0,0.0,9.741379310344827,1,0.6551724137931034,1
A-94d3da,Basic,HealthTech,1970-01-01 00:00:00.000000041,False,1889.4166666666667,12,139.0,0.6666666666666666,6.0,,0.0,0.0,9.666666666666666,1,0.5208333333333334,1
A-e351e1,Enterprise,EdTech,1970-01-01 00:00:00.000000033,False,699.6,5,3.0,0.8,4.0,,0.0,0.0,10.172413793103448,1,0.7586206896551724,1
A-9badbd,Enterprise,Cybersecurity,1970-01-01 00:00:00.000000005,False,2498.230769230769,13,17.5,0.7692307692307693,5.0,,0.0,0.0,10.414285714285715,1,0.6428571428571429,0
A-7e0a10,Enterprise,FinTech,1970-01-01 00:00:00.000000046,False,4111.6,10,,0.7,5.0,,0.0,0.0,10.22,1,0.7,1
A-118d55,Basic,Cybersecurity,1970-01-01 00:00:00.000000008,False,1993.25,12,1.0,0.75,5.0,,0.0,0.0,9.983333333333333,1,0.55,1
A-526d93,Basic,HealthTech,1970-01-01 00:00:00.000000043,False,4355.666666666667,9,2.0,0.5555555555555556,5.0,,0.0,0.0,10.089285714285714,1,0.8035714285714286,1
A-f92792,Pro,FinTech,1970-01-01 00:00:00.000000001,False,1343.357142857143,14,,0.5714285714285714,2.0,,0.0,0.0,9.962264150943396,1,0.5849056603773585,1
A-84ebe4,Pro,FinTech,1970-01-01 00:00:00.000000018,True,2544.909090909091,11,160.0,0.9090909090909091,4.0,,0.0,0.0,9.428571428571429,1,0.6190476190476191,1
A-5b4ebb,Basic,Cybersecurity,1970-01-01 00:00:00.000000021,True,2138.6923076923076,13,35.0,0.8461538461538461,5.0,,0.0,0.0,9.885714285714286,1,0.35714285714285715,0
A-2922b6,Basic,HealthTech,1970-01-01 00:00:00.000000015,False,1778.1666666666667,6,11.0,0.8333333333333334,2.0,,0.0,0.0,10.621621621621621,1,0.35135135135135137,1
A-9b9fe9,Basic,EdTech,1970-01-01 00:00:00.000000005,False,1643.75,12,82.0,0.8333333333333334,4.0,,0.0,0.0,10.293103448275861,1,0.3793103448275862,1
A-a8b49c,Basic,Cybersecurity,1970-01-01 00:00:00.000000007,False,963.9166666666666,12,,0.9166666666666666,1.0,,0.0,0.0,10.092592592592593,1,0.7962962962962963,1
A-9174e0,Basic,Cybersecurity,1970-01-01 00:00:00.000000037,False,3598.4,15,7.0,0.8,2.0,,0.0,0.0,9.985507246376812,1,0.8840579710144928,0
A-a1bbb6,Basic,DevTools,1970-01-01 00:00:00.000000001,False,1800.25,8,130.0,0.625,3.0,,0.0,0.0,9.891891891891891,1,0.5405405405405406,0
A-c45b23,Basic,FinTech,1970-01-01 00:00:00.000000005,False,708.6666666666666,12,3.0,0.75,3.0,,0.0,0.0,9.847457627118644,1,0.5084745762711864,1
A-02cd81,Basic,HealthTech,1970-01-01 00:00:00.000000044,False,2354.0,14,35.0,0.7857142857142857,3.0,,0.0,0.0,9.5,1,0.3888888888888889,1
A-ee42db,Enterprise,EdTech,1970-01-01 00:00:00.000000013,False,963.9166666666666,12,,0.9166666666666666,4.0,,0.0,0.0,9.462962962962964,1,0.6111111111111112,1
A-432483,Pro,Cybersecurity,1970-01-01 00:00:00.000000004,False,2868.1111111111113,9,164.66666666666666,0.7777777777777778,1.0,,0.0,0.0,10.022222222222222,1,0.6222222222222222,0
A-9208f0,Pro,EdTech,1970-01-01 00:00:00.000000001,True,438.875,8,187.0,0.875,8.0,,0.0,0.0,10.150943396226415,1,0.5849056603773585,1
A-98a59a,Enterprise,FinTech,1970-01-01 00:00:00.000000056,False,3645.6,10,,0.6,3.0,,0.0,0.0,10.340909090909092,1,0.4772727272727273,1
A-fe79a5,Basic,HealthTech,1970-01-01 00:00:00.000000009,False,1353.2,10,117.0,0.9,4.0,,0.0,0.0,10.151515151515152,1,0.5151515151515151,0
A-726cfa,Pro,DevTools,1970-01-01 00:00:00.000000011,False,1830.6315789473683,19,216.5,0.8421052631578947,3.0,,0.0,0.0,10.13265306122449,1,0.45918367346938777,1
A-c43359,Pro,FinTech,1970-01-01 00:00:00.000000038,False,1539.0,8,17.0,1.0,3.0,,0.0,0.0,9.808510638297872,1,0.6808510638297872,1
A-271f46,Pro,DevTools,1970-01-01 00:00:00.000000038,True,2450.5,8,,1.0,1.0,,0.0,0.0,9.81578947368421,1,0.42105263157894735,1
A-157070,Pro,FinTech,1970-01-01 00:00:00.000000016,False,1719.125,16,80.5,0.875,3.0,,0.0,0.0,9.80281690140845,1,0.36619718309859156,1
A-40a557,Pro,Cybersecurity,1970-01-01 00:00:00.000000016,False,2591.5555555555557,9,5.0,1.0,7.0,,0.0,0.0,10.307692307692308,1,0.4358974358974359,1
A-66224b,Pro,HealthTech,1970-01-01 00:00:00.000000092,False,5765.333333333333,12,8.0,0.75,6.0,,0.0,0.0,10.262295081967213,1,0.47540983606557374,0
A-91e948,Basic,EdTech,1970-01-01 00:00:00.000000041,False,3127.714285714286,7,,1.0,0.0,,0.0,0.0,10.1,1,0.4,0
A-104f1a,Pro,Cybersecurity,1970-01-01 00:00:00.000000024,False,1577.125,8,87.0,0.875,5.0,,0.0,0.0,9.954545454545455,1,0.5,1
A-7988d1,Basic,Cybersecurity,1970-01-01 00:00:00.000000033,False,1188.0,9,49.0,0.7777777777777778,3.0,,0.0,0.0,9.76086956521739,1,0.6086956521739131,1
A-faa28c,Enterprise,HealthTech,1970-01-01 00:00:00.000000048,False,4171.714285714285,14,196.5,0.7857142857142857,4.0,,0.0,0.0,9.915254237288135,1,0.4067796610169492,1
A-f25509,Enterprise,EdTech,1970-01-01 00:00:00.000000032,False,3224.4,5,,0.8,6.0,,0.0,0.0,9.956521739130435,1,0.6521739130434783,1
A-3a7284,Enterprise,FinTech,1970-01-01 00:00:00.000000031,False,2959.9166666666665,12,7.0,0.9166666666666666,3.0,,0.0,0.0,10.15,1,0.5,1
A-3a5ad8,Enterprise,HealthTech,1970-01-01 00:00:00.000000009,False,2207.769230769231,13,,0.8461538461538461,4.0,,0.0,0.0,9.73076923076923,1,0.4423076923076923,0
A-65a46c,Pro,HealthTech,1970-01-01 00:00:00.000000001,False,2834.375,8,48.0,0.875,8.0,,0.0,0.0,9.736842105263158,1,0.5526315789473685,0
A-8b25f2,Pro,Cybersecurity,1970-01-01 00:00:00.000000006,True,1080.6153846153845,13,44.0,1.0,2.0,,0.0,0.0,10.462962962962964,1,0.37037037037037035,0
A-fabe19,Enterprise,DevTools,1970-01-01 00:00:00.000000001,False,2928.1428571428573,7,10.0,0.42857142857142855,3.0,,0.0,0.0,10.212121212121213,1,0.48484848484848486,0
A-adc1f3,Pro,Cybersecurity,1970-01-01 00:00:00.000000002,False,2956.4444444444443,9,12.0,0.7777777777777778,3.0,,0.0,0.0,9.277777777777779,1,0.7222222222222222,0
A-503d5a,Enterprise,FinTech,1970-01-01 00:00:00.000000004,True,1490.3333333333333,12,,0.8333333333333334,9.0,,0.0,0.0,10.254237288135593,1,0.5423728813559322,0
A-fd7ad3,Enterprise,Cybersecurity,1970-01-01 00:00:00.000000001,False,383.1,10,15.0,0.9,8.0,,0.0,0.0,10.125,1,0.75,1
A-186a44,Enterprise,HealthTech,1970-01-01 00:00:00.000000020,False,1499.2142857142858,14,8.0,0.7142857142857143,7.0,,0.0,0.0,10.065573770491802,1,0.4098360655737705,0
A-e888d1,Pro,Cybersecurity,1970-01-01 00:00:00.000000014,False,1240.5454545454545,11,271.0,0.7272727272727273,5.0,,0.0,0.0,10.615384615384615,1,0.6923076923076923,1
A-69fad4,Basic,FinTech,1970-01-01 00:00:00.000000006,True,1245.857142857143,7,178.5,0.8571428571428571,4.0,,0.0,0.0,10.564102564102564,1,0.6153846153846154,1
A-9289f6,Enterprise,EdTech,1970-01-01 00:00:00.000000001,False,1091.3333333333333,12,5.0,0.8333333333333334,6.0,,0.0,0.0,9.441176470588236,1,0.5588235294117647,1
A-f19409,Basic,DevTools,1970-01-01 00:00:00.000000023,True,2844.6666666666665,12,65.0,0.8333333333333334,3.0,,0.0,0.0,10.629032258064516,1,0.5,1
A-22f2df,Basic,DevTools,1970-01-01 00:00:00.000000003,False,827.8888888888889,9,,0.7777777777777778,5.0,,0.0,0.0,10.214285714285714,1,0.40476190476190477,0
A-039727,Pro,EdTech,1970-01-01 00:00:00.000000025,False,2428.0,15,11.0,0.8,0.0,,0.0,0.0,10.378378378378379,1,0.43243243243243246,1
A-2e3bad,Pro,FinTech,1970-01-01 00:00:00.000000061,False,4587.2,10,35.0,0.8,5.0,,0.0,0.0,9.666666666666666,1,0.5777777777777777,1
A-484819,Pro,HealthTech,1970-01-01 00:00:00.000000018,False,2575.5,8,232.0,0.875,5.0,,0.0,0.0,10.181818181818182,1,0.6060606060606061,1
A-425e76,Enterprise,DevTools,1970-01-01 00:00:00.000000008,True,1555.5454545454545,11,75.0,0.9090909090909091,5.0,,0.0,0.0,9.125,1,0.5,1
A-e83938,Pro,DevTools,1970-01-01 00:00:00.000000002,True,937.875,8,,0.75,4.0,,0.0,0.0,8.580645161290322,1,0.5806451612903226,1
A-ad296b,Pro,DevTools,1970-01-01 00:00:00.000000038,False,3071.6666666666665,6,4.0,1.0,3.0,,0.0,0.0,9.483870967741936,1,0.3870967741935484,0
A-e51ec7,Enterprise,FinTech,1970-01-01 00:00:00.000000002,False,3009.5,8,27.0,0.75,3.0,,0.0,0.0,10.425,1,0.45,1
A-0aaf6e,Enterprise,FinTech,1970-01-01 00:00:00.000000003,False,2676.0,9,8.0,0.6666666666666666,5.0,,0.0,0.0,10.508771929824562,1,0.6842105263157895,0
A-e61e98,Enterprise,FinTech,1970-01-01 00:00:00.000000019,True,1498.2222222222222,9,,0.7777777777777778,6.0,,0.0,0.0,9.410714285714286,1,0.44642857142857145,1
A-92a333,Enterprise,FinTech,1970-01-01 00:00:00.000000009,False,1776.5,6,,1.0,4.0,,0.0,0.0,10.11111111111111,1,0.8333333333333334,0
A-95b24a,Pro,FinTech,1970-01-01 00:00:00.000000038,True,2275.818181818182,11,,0.6363636363636364,5.0,,0.0,0.0,9.85483870967742,1,0.5483870967741935,0
A-42e5e1,Pro,DevTools,1970-01-01 00:00:00.000000001,True,1273.7142857142858,7,13.0,0.8571428571428571,3.0,,0.0,0.0,10.024390243902438,1,1.0,1
A-7d514c,Enterprise,HealthTech,1970-01-01 00:00:00.000000017,False,2697.1111111111113,9,134.0,0.8888888888888888,3.0,,0.0,0.0,10.458333333333334,1,0.625,0
A-65aeb5,Pro,DevTools,1970-01-01 00:00:00.000000009,False,2866.0,12,115.66666666666667,0.75,2.0,,0.0,0.0,9.690909090909091,1,0.7272727272727273,1
A-e2cd1b,Enterprise,DevTools,1970-01-01 00:00:00.000000015,False,1394.2222222222222,9,,1.0,5.0,,0.0,0.0,9.489795918367347,1,0.3673469387755102,0
A-180abf,Pro,DevTools,1970-01-01 00:00:00.000000064,True,4145.777777777777,9,72.0,0.7777777777777778,3.0,,0.0,0.0,10.395833333333334,1,0.5833333333333334,1
A-f17767,Enterprise,DevTools,1970-01-01 00:00:00.000000001,True,1152.7857142857142,14,108.0,0.9285714285714286,3.0,,0.0,0.0,10.333333333333334,1,0.5507246376811594,1
A-5a184f,Enterprise,DevTools,1970-01-01 00:00:00.000000001,True,2068.3,10,37.0,1.0,3.0,,0.0,0.0,10.298245614035087,1,0.5087719298245614,1
A-7df7a7,Basic,DevTools,1970-01-01 00:00:00.000000007,True,1943.6666666666667,15,93.0,0.8,3.0,,0.0,0.0,10.131868131868131,1,0.5164835164835165,1
A-1ac5e0,Basic,DevTools,1970-01-01 00:00:00.000000033,True,1824.9,10,,0.5,7.0,,0.0,0.0,9.964285714285714,1,0.5535714285714286,0
A-52dd88,Pro,Cybersecurity,1970-01-01 00:00:00.000000023,False,1508.3636363636363,11,,0.6363636363636364,1.0,,0.0,0.0,10.32,1,0.66,0
A-bece89,Pro,Cybersecurity,1970-01-01 00:00:00.000000026,False,3208.3333333333335,6,,0.6666666666666666,4.0,,0.0,0.0,9.263157894736842,1,0.6842105263157895,1
A-029f69,Basic,Cybersecurity,1970-01-01 00:00:00.000000003,False,914.875,16,20.0,0.625,2.0,,0.0,0.0,9.392857142857142,1,0.5,1
A-5c046d,Basic,EdTech,1970-01-01 00:00:00.000000093,False,10485.75,8,,0.75,1.0,,0.0,0.0,10.326086956521738,1,0.5,0
A-fb186e,Basic,EdTech,1970-01-01 00:00:00.000000029,False,1923.6666666666667,3,,0.6666666666666666,6.0,,0.0,0.0,10.35,1,0.35,0
A-ae052e,Basic,FinTech,1970-01-01 00:00:00.000000039,False,1282.1666666666667,6,112.33333333333333,1.0,4.0,,0.0,0.0,10.344827586206897,1,0.41379310344827586,1
A-9f9299,Enterprise,FinTech,1970-01-01 00:00:00.000000028,False,2826.866666666667,15,183.0,0.6,5.0,,0.0,0.0,9.764705882352942,1,0.6352941176470588,1
A-96e141,Basic,DevTools,1970-01-01 00:00:00.000000014,False,2209.714285714286,7,12.0,1.0,5.0,,0.0,0.0,9.61111111111111,1,0.5277777777777778,1
A-117171,Basic,HealthTech,1970-01-01 00:00:00.000000045,True,2403.0,5,3.0,1.0,6.0,,0.0,0.0,9.904761904761905,1,0.5238095238095238,1
A-313be3,Enterprise,EdTech,1970-01-01 00:00:00.000000047,False,1727.8181818181818,11,,0.7272727272727273,4.0,,0.0,0.0,9.824561403508772,1,0.7017543859649122,1
A-671f31,Basic,DevTools,1970-01-01 00:00:00.000000059,False,5064.166666666667,6,,0.8333333333333334,7.0,,0.0,0.0,9.823529411764707,1,0.9411764705882353,0
A-bbc346,Enterprise,FinTech,1970-01-01 00:00:00.000000019,False,2547.846153846154,13,39.0,0.8461538461538461,3.0,,0.0,0.0,10.483870967741936,1,0.5967741935483871,1
A-c16101,Basic,EdTech,1970-01-01 00:00:00.000000007,False,1242.2,10,,0.9,4.0,,0.0,0.0,10.2,1,0.5272727272727272,1
A-50f3f7,Basic,HealthTech,1970-01-01 00:00:00.000000031,True,2938.4666666666667,15,,0.8666666666666667,6.0,,0.0,0.0,9.51388888888889,1,0.625,0
A-7da956,Pro,Cybersecurity,1970-01-01 00:00:00.000000013,False,913.5833333333334,12,67.5,0.9166666666666666,3.0,,0.0,0.0,10.647058823529411,1,0.6862745098039216,0
A-019782,Enterprise,DevTools,1970-01-01 00:00:00.000000011,False,928.1111111111111,9,100.0,0.6666666666666666,2.0,,0.0,0.0,10.218181818181819,1,0.5454545454545454,0
A-df10db,Enterprise,DevTools,1970-01-01 00:00:00.000000002,False,1066.3636363636363,11,466.0,0.8181818181818182,2.0,,0.0,0.0,10.890625,1,0.625,1
A-3932db,Pro,HealthTech,1970-01-01 00:00:00.000000019,True,1565.2222222222222,9,17.0,1.0,6.0,,0.0,0.0,9.434782608695652,1,0.6086956521739131,0
A-4f18f0,Pro,DevTools,1970-01-01 00:00:00.000000024,False,2522.0,12,54.0,0.75,5.0,,0.0,0.0,9.543859649122806,1,0.43859649122807015,1
A-4c6f11,Pro,FinTech,1970-01-01 00:00:00.000000024,True,1517.2,5,,0.6,3.0,,0.0,0.0,11.166666666666666,1,0.16666666666666666,1
A-8ae05d,Enterprise,FinTech,1970-01-01 00:00:00.000000086,False,3747.1428571428573,7,31.0,0.7142857142857143,1.0,,0.0,0.0,10.15,1,0.5,1
A-b78bf8,Pro,DevTools,1970-01-01 00:00:00.000000033,False,2802.875,8,,1.0,5.0,,0.0,0.0,10.023809523809524,1,0.2619047619047619,1
A-eafc6e,Pro,DevTools,1970-01-01 00:00:00.000000027,True,2318.4285714285716,7,,0.8571428571428571,1.0,,0.0,0.0,9.375,1,0.46875,1
A-37f969,Enterprise,HealthTech,1970-01-01 00:00:00.000000030,False,2869.875,8,,0.75,5.0,,0.0,0.0,9.75,1,0.4375,1
A-10b8f2,Basic,HealthTech,1970-01-01 00:00:00.000000047,False,2559.9166666666665,12,,0.6666666666666666,3.0,,0.0,0.0,10.0,1,0.4107142857142857,1
A-439b2f,Enterprise,DevTools,1970-01-01 00:00:00.000000001,True,299.3333333333333,6,32.0,0.8333333333333334,3.0,,0.0,0.0,8.55,1,0.25,1
A-544d0a,Basic,DevTools,1970-01-01 00:00:00.000000002,False,1849.2,10,,0.7,2.0,,0.0,0.0,10.851063829787234,1,0.46808510638297873,0
A-ba6516,Pro,FinTech,1970-01-01 00:00:00.000000027,False,2183.0,13,,0.7692307692307693,6.0,,0.0,0.0,10.7,1,0.5333333333333333,1
A-712426,Enterprise,HealthTech,1970-01-01 00:00:00.000000009,False,746.4666666666667,15,15.0,1.0,6.0,,0.0,0.0,9.942857142857143,1,0.44285714285714284,1
A-038089,Pro,DevTools,1970-01-01 00:00:00.000000005,True,701.3333333333334,3,,1.0,6.0,,0.0,0.0,10.5,1,0.75,1
A-afa505,Basic,DevTools,1970-01-01 00:00:00.000000070,False,7334.444444444444,9,74.0,0.5555555555555556,4.0,,0.0,0.0,9.941176470588236,1,0.5490196078431373,1
A-d5a319,Enterprise,FinTech,1970-01-01 00:00:00.000000015,True,3153.9166666666665,12,,0.8333333333333334,1.0,,0.0,0.0,10.23728813559322,1,0.7288135593220338,0
A-f97b9a,Pro,FinTech,1970-01-01 00:00:00.000000016,False,2166.6363636363635,11,,0.7272727272727273,7.0,,0.0,0.0,10.017857142857142,1,0.5892857142857143,0
A-2f6a32,Basic,HealthTech,1970-01-01 00:00:00.000000019,False,683.0,11,30.0,1.0,2.0,,0.0,0.0,9.909090909090908,1,0.696969696969697,0
A-856b1e,Basic,FinTech,1970-01-01 00:00:00.000000019,False,1053.5,6,,0.8333333333333334,5.0,,0.0,0.0,10.0,1,1.0434782608695652,0
A-17939a,Basic,HealthTech,1970-01-01 00:00:00.000000001,False,879.0,11,1.5,0.8181818181818182,7.0,,0.0,0.0,9.361702127659575,1,0.9148936170212766,0
A-d27f50,Enterprise,Cybersecurity,1970-01-01 00:00:00.000000044,False,3734.5833333333335,12,29.333333333333332,0.75,4.0,,0.0,0.0,9.62,1,0.62,0
A-e36807,Pro,EdTech,1970-01-01 00:00:00.000000006,False,1256.9,10,50.0,0.8,2.0,,0.0,0.0,9.10204081632653,1,0.5510204081632653,0
A-ff79f2,Basic,DevTools,1970-01-01 00:00:00.000000008,True,3097.0,9,2.0,0.6666666666666666,2.0,,0.0,0.0,9.585365853658537,1,0.2926829268292683,0
A-5b1bcd,Pro,DevTools,1970-01-01 00:00:00.000000073,False,8886.533333333333,15,406.0,0.8666666666666667,4.0,,0.0,0.0,10.104651162790697,1,0.627906976744186,1
A-71615e,Basic,EdTech,1970-01-01 00:00:00.000000015,False,3131.769230769231,13,,0.7692307692307693,1.0,,0.0,0.0,10.0,1,0.6612903225806451,1
A-794a0b,Basic,HealthTech,1970-01-01 00:00:00.000000023,False,1510.7142857142858,7,,0.7142857142857143,0.0,,0.0,0.0,9.131578947368421,1,0.8157894736842105,1
A-86902e,Enterprise,HealthTech,1970-01-01 00:00:00.000000034,False,3604.1,10,379.0,0.9,9.0,,0.0,0.0,9.968253968253968,1,0.5714285714285714,1
A-0532a9,Pro,FinTech,1970-01-01 00:00:00.000000019,False,1516.1,10,,0.5,8.0,,0.0,0.0,9.61111111111111,1,0.5555555555555556,1
A-9779ad,Pro,Cybersecurity,1970-01-01 00:00:00.000000040,True,5168.0,10,,0.5,3.0,,0.0,0.0,9.604651162790697,1,0.5813953488372093,1
A-f45426,Basic,HealthTech,1970-01-01 00:00:00.000000009,False,1571.7272727272727,11,22.0,0.7272727272727273,3.0,,0.0,0.0,10.229508196721312,1,0.8032786885245902,1
A-c1e51e,Basic,FinTech,1970-01-01 00:00:00.000000003,False,2390.5,10,20.0,1.0,5.0,,0.0,0.0,10.36,1,0.72,1
A-fa3095,Basic,FinTech,1970-01-01 00:00:00.000000070,False,5769.166666666667,12,,1.0,5.0,,0.0,0.0,10.169491525423728,1,0.711864406779661,1
A-ad64c6,Pro,DevTools,1970-01-01 00:00:00.000000012,False,2451.3333333333335,6,88.0,0.6666666666666666,4.0,,0.0,0.0,10.75,1,0.9,1
A-39b19f,Enterprise,FinTech,1970-01-01 00:00:00.000000001,False,1930.6363636363637,11,72.0,0.7272727272727273,6.0,,0.0,0.0,9.636363636363637,1,0.6727272727272727,1
A-56962b,Enterprise,EdTech,1970-01-01 00:00:00.000000163,False,7800.714285714285,7,36.0,0.8571428571428571,4.0,,0.0,0.0,9.344827586206897,1,0.8620689655172413,1
A-e60f9d,Basic,FinTech,1970-01-01 00:00:00.000000029,False,3387.8,15,7.0,0.9333333333333333,2.0,,0.0,0.0,10.14516129032258,1,0.3870967741935484,0
A-88c6ca,Basic,FinTech,1970-01-01 00:00:00.000000005,True,921.2857142857143,7,,1.0,1.0,,0.0,0.0,10.372093023255815,1,0.4418604651162791,0
A-158f4e,Enterprise,FinTech,1970-01-01 00:00:00.000000061,False,3654.9166666666665,12,331.0,0.8333333333333334,5.0,,0.0,0.0,9.244897959183673,1,0.5918367346938775,1
A-5b051a,Enterprise,Cybersecurity,1970-01-01 00:00:00.000000022,False,583.0,4,64.0,1.0,1.0,,0.0,0.0,10.6875,1,1.0625,0
A-296d7c,Enterprise,DevTools,1970-01-01 00:00:00.000000002,False,284.14285714285717,7,,0.7142857142857143,5.0,,0.0,0.0,10.818181818181818,1,0.5454545454545454,1
A-1619f8,Pro,DevTools,1970-01-01 00:00:00.000000029,False,2827.1428571428573,7,,0.7142857142857143,3.0,,0.0,0.0,10.285714285714286,1,0.6190476190476191,1
A-a1b80b,Basic,HealthTech,1970-01-01 00:00:00.000000016,False,2161.8125,16,80.0,0.75,4.0,,0.0,0.0,10.402777777777779,1,0.6666666666666666,1
A-139c3b,Enterprise,HealthTech,1970-01-01 00:00:00.000000010,True,1128.375,8,27.0,0.75,9.0,,0.0,0.0,10.863636363636363,1,0.36363636363636365,0
A-702032,Pro,HealthTech,1970-01-01 00:00:00.000000028,False,1423.3333333333333,6,58.0,0.8333333333333334,4.0,,0.0,0.0,10.961538461538462,1,0.5769230769230769,1
A-7a0d69,Enterprise,DevTools,1970-01-01 00:00:00.000000004,True,942.0,11,,0.9090909090909091,2.0,,0.0,0.0,9.934426229508198,1,0.5081967213114754,1
A-22d9d2,Pro,DevTools,1970-01-01 00:00:00.000000008,False,1339.0,14,95.0,0.7857142857142857,6.0,,0.0,0.0,10.426666666666666,1,0.5733333333333334,1
A-b9eed8,Basic,Cybersecurity,1970-01-01 00:00:00.000000011,False,1507.0,11,,0.8181818181818182,5.0,,0.0,0.0,10.21311475409836,1,0.9016393442622951,1
A-dfbd31,Enterprise,DevTools,1970-01-01 00:00:00.000000014,False,1791.357142857143,14,,0.7857142857142857,6.0,,0.0,0.0,11.092592592592593,1,0.35185185185185186,1
A-8e47ca,Pro,HealthTech,1970-01-01 00:00:00.000000019,False,3124.4444444444443,9,36.0,0.7777777777777778,5.0,,0.0,0.0,9.58695652173913,1,0.7608695652173914,1
A-4437e4,Enterprise,Cybersecurity,1970-01-01 00:00:00.000000003,False,1114.4375,16,302.0,0.9375,6.0,,0.0,0.0,9.710843373493976,1,0.5180722891566265,1
A-779e4e,Basic,HealthTech,1970-01-01 00:00:00.000000005,False,2808.1,10,318.5,0.9,5.0,,0.0,0.0,8.931818181818182,1,0.45454545454545453,0
A-53f4e3,Enterprise,Cybersecurity,1970-01-01 00:00:00.000000013,False,1507.2,10,60.0,0.8,5.0,,0.0,0.0,9.318181818181818,1,1.0227272727272727,1
A-692f18,Basic,EdTech,1970-01-01 00:00:00.000000005,True,1797.0588235294117,17,2.0,0.7058823529411765,2.0,,0.0,0.0,10.011494252873563,1,0.632183908045977,1
A-13466a,Basic,DevTools,1970-01-01 00:00:00.000000002,True,2223.8333333333335,6,181.5,0.8333333333333334,3.0,,0.0,0.0,9.318181818181818,1,0.6363636363636364,1
A-1986ca,Pro,HealthTech,1970-01-01 00:00:00.000000020,False,3951.5714285714284,7,,0.5714285714285714,7.0,,0.0,0.0,9.783783783783784,1,0.6216216216216216,0
A-0cc442,Basic,EdTech,1970-01-01 00:00:00.000000045,False,4764.2307692307695,13,30.0,0.6923076923076923,3.0,,0.0,0.0,9.935064935064934,1,0.5324675324675324,1
A-c608c8,Pro,DevTools,1970-01-01 00:00:00.000000003,True,1189.25,8,22.0,0.75,2.0,,0.0,0.0,10.348837209302326,1,0.627906976744186,1
A-3be56b,Pro,HealthTech,1970-01-01 00:00:00.000000003,True,1420.0,12,63.0,0.75,4.0,,0.0,0.0,9.6,1,0.6,1
A-354f12,Pro,FinTech,1970-01-01 00:00:00.000000001,False,2222.25,4,,1.0,2.0,,0.0,0.0,10.533333333333333,1,0.2,1
A-68f37c,Basic,HealthTech,1970-01-01 00:00:00.000000004,False,2689.1666666666665,12,197.0,0.9166666666666666,5.0,,0.0,0.0,9.6,1,0.6153846153846154,1
A-aa9511,Pro,DevTools,1970-01-01 00:00:00.000000023,False,4064.6666666666665,15,48.0,0.8666666666666667,2.0,,0.0,0.0,9.615384615384615,1,0.5384615384615384,1
A-af0cd2,Enterprise,Cybersecurity,1970-01-01 00:00:00.000000019,False,587.2727272727273,11,284.5,0.8181818181818182,3.0,,0.0,0.0,9.814285714285715,1,0.4714285714285714,1
A-bd4513,Enterprise,DevTools,1970-01-01 00:00:00.000000050,False,4350.333333333333,12,3.5,0.8333333333333334,3.0,,0.0,0.0,9.941176470588236,1,0.6666666666666666,1
A-c222ab,Pro,Cybersecurity,1970-01-01 00:00:00.000000032,True,2665.1428571428573,7,29.0,0.8571428571428571,4.0,,0.0,0.0,9.666666666666666,1,0.7333333333333333,1
A-34d880,Enterprise,Cybersecurity,1970-01-01 00:00:00.000000004,False,2329.3333333333335,9,38.0,0.6666666666666666,5.0,,0.0,0.0,10.085106382978724,1,0.851063829787234,1
A-508199,Basic,FinTech,1970-01-01 00:00:00.000000019,False,1687.2,5,,0.6,3.0,,0.0,0.0,9.625,1,0.625,0
A-f03140,Pro,DevTools,1970-01-01 00:00:00.000000027,False,2107.5,10,,0.8,7.0,,0.0,0.0,10.43859649122807,1,0.38596491228070173,1
A-410e86,Basic,FinTech,1970-01-01 00:00:00.000000024,False,2280.0,7,8.5,0.42857142857142855,5.0,,0.0,0.0,9.733333333333333,1,0.7,0
A-fa2041,Pro,HealthTech,1970-01-01 00:00:00.000000015,False,1742.9166666666667,12,,0.9166666666666666,1.0,,0.0,0.0,9.049180327868852,1,0.5573770491803278,1
A-de58ca,Enterprise,HealthTech,1970-01-01 00:00:00.000000015,False,2173.181818181818,11,210.0,0.5454545454545454,5.0,,0.0,0.0,10.306122448979592,1,0.673469387755102,0
A-05d3b3,Basic,DevTools,1970-01-01 00:00:00.000000009,False,970.0,13,7.0,0.7692307692307693,6.0,,0.0,0.0,10.03125,1,0.34375,1
A-249769,Enterprise,Cybersecurity,1970-01-01 00:00:00.000000004,True,1209.0,13,,1.0,2.0,,0.0,0.0,9.970588235294118,1,0.4411764705882353,1
A-e43bf7,Pro,Cybersecurity,1970-01-01 00:00:00.000000044,False,6666.571428571428,7,,0.8571428571428571,5.0,,0.0,0.0,9.275,1,0.875,1
A-eb2fdc,Enterprise,DevTools,1970-01-01 00:00:00.000000031,True,2664.0,12,117.0,0.8333333333333334,5.0,,0.0,0.0,10.12962962962963,1,0.3148148148148148,1
A-e1462e,Basic,FinTech,1970-01-01 00:00:00.000000015,False,1718.5714285714287,7,,0.7142857142857143,2.0,,0.0,0.0,9.914285714285715,1,0.6285714285714286,1
A-cab532,Pro,DevTools,1970-01-01 00:00:00.000000011,False,1339.2,15,407.0,0.9333333333333333,1.0,,0.0,0.0,9.950495049504951,1,0.46534653465346537,1
A-9123ac,Pro,Cybersecurity,1970-01-01 00:00:00.000000009,False,2107.285714285714,7,,1.0,6.0,,0.0,0.0,10.432432432432432,1,0.6486486486486487,1
A-6e08f3,Basic,Cybersecurity,1970-01-01 00:00:00.000000008,False,1819.0,10,,0.7,2.0,,0.0,0.0,9.84,1,0.42,1
A-d922bf,Basic,HealthTech,1970-01-01 00:00:00.000000005,True,2444.8571428571427,7,50.0,1.0,7.0,,0.0,0.0,10.21951219512195,1,0.4634146341463415,1
A-8ed5dd,Enterprise,EdTech,1970-01-01 00:00:00.000000005,True,996.3333333333334,12,195.0,0.9166666666666666,6.0,,0.0,0.0,9.909090909090908,1,0.8181818181818182,1
A-7c6b6b,Basic,FinTech,1970-01-01 00:00:00.000000006,False,688.2857142857143,7,13.5,0.8571428571428571,5.0,,0.0,0.0,8.885714285714286,1,0.6857142857142857,1
A-3c1a3f,Pro,DevTools,1970-01-01 00:00:00.000000001,False,1242.4166666666667,12,157.0,0.8333333333333334,4.0,,0.0,0.0,9.745098039215685,1,0.43137254901960786,0
A-b48f73,Pro,EdTech,1970-01-01 00:00:00.000000080,False,4045.714285714286,7,,0.5714285714285714,3.0,,0.0,0.0,9.363636363636363,1,0.5227272727272727,0
A-76fa4d,Pro,HealthTech,1970-01-01 00:00:00.000000069,False,8812.285714285714,7,24.0,0.8571428571428571,5.0,,0.0,0.0,9.916666666666666,1,0.5833333333333334,1
A-b2af2e,Enterprise,Cybersecurity,1970-01-01 00:00:00.000000005,False,778.0,4,,0.25,2.0,,0.0,0.0,9.666666666666666,1,0.6111111111111112,1
A-9bfc9f,Pro,DevTools,1970-01-01 00:00:00.000000053,False,1704.6666666666667,9,107.0,0.8888888888888888,6.0,,0.0,0.0,10.162162162162161,1,0.4864864864864865,0
A-4ae22a,Pro,EdTech,1970-01-01 00:00:00.000000006,True,1347.4285714285713,7,139.0,0.8571428571428571,3.0,,0.0,0.0,10.542857142857143,1,0.8857142857142857,1
A-fda07f,Basic,Cybersecurity,1970-01-01 00:00:00.000000007,False,2368.1666666666665,12,,0.8333333333333334,5.0,,0.0,0.0,10.476923076923077,1,0.6,1
A-de24d5,Enterprise,DevTools,1970-01-01 00:00:00.000000005,False,1640.5384615384614,13,12.0,0.9230769230769231,7.0,,0.0,0.0,10.132075471698114,1,0.5283018867924528,0
A-977ca0,Basic,HealthTech,1970-01-01 00:00:00.000000006,True,1878.4375,16,75.5,0.8125,3.0,,0.0,0.0,10.505882352941176,1,0.5411764705882353,0
A-ab438f,Enterprise,Cybersecurity,1970-01-01 00:00:00.000000013,True,2044.75,8,32.666666666666664,0.75,2.0,,0.0,0.0,10.25,1,0.3333333333333333,1
A-e89151,Pro,FinTech,1970-01-01 00:00:00.000000008,True,2414.8888888888887,9,121.0,0.7777777777777778,2.0,,0.0,0.0,10.362068965517242,1,0.5,0
A-40906c,Basic,EdTech,1970-01-01 00:00:00.000000092,False,5366.666666666667,12,,0.8333333333333334,5.0,,0.0,0.0,10.873015873015873,1,0.5079365079365079,0
A-81edc3,Basic,Cybersecurity,1970-01-01 00:00:00.000000005,False,1460.3333333333333,12,,0.6666666666666666,3.0,,0.0,0.0,10.337837837837839,1,0.5540540540540541,1
A-328bd0,Enterprise,HealthTech,1970-01-01 00:00:00.000000018,False,1229.1538461538462,13,36.5,0.7692307692307693,5.0,,0.0,0.0,9.311475409836065,1,0.8032786885245902,0
A-b3fe05,Pro,Cybersecurity,1970-01-01 00:00:00.000000008,False,2721.5555555555557,9,29.0,0.8888888888888888,4.0,,0.0,0.0,10.186046511627907,1,0.4186046511627907,0
A-09540c,Basic,Cybersecurity,1970-01-01 00:00:00.000000067,False,3953.0,6,118.0,0.8333333333333334,2.0,,0.0,0.0,10.607142857142858,1,0.5714285714285714,1
A-e693b6,Enterprise,FinTech,1970-01-01 00:00:00.000000055,True,2846.25,12,13.5,0.9166666666666666,1.0,,0.0,0.0,11.163934426229508,1,0.4098360655737705,1
A-2446e3,Pro,EdTech,1970-01-01 00:00:00.000000027,False,3448.285714285714,7,,0.5714285714285714,3.0,,0.0,0.0,10.333333333333334,1,0.6666666666666666,1
A-241e75,Enterprise,EdTech,1970-01-01 00:00:00.000000003,False,718.8,5,,0.8,4.0,,0.0,0.0,9.5,1,0.7142857142857143,1
A-922109,Pro,Cybersecurity,1970-01-01 00:00:00.000000003,False,1086.0,13,165.0,0.7692307692307693,3.0,,0.0,0.0,10.367088607594937,1,0.43037974683544306,1
A-ff3c73,Pro,HealthTech,1970-01-01 00:00:00.000000021,False,481.6666666666667,9,57.0,0.7777777777777778,2.0,,0.0,0.0,10.2,1,0.575,1
A-8b0451,Enterprise,FinTech,1970-01-01 00:00:00.000000041,False,3170.9,10,43.0,0.8,7.0,,0.0,0.0,10.1,1,0.75,1
A-331424,Basic,DevTools,1970-01-01 00:00:00.000000011,False,1129.3333333333333,6,178.0,0.5,2.0,,0.0,0.0,10.7,1,0.45,1
A-51ec1b,Enterprise,DevTools,1970-01-01 00:00:00.000000007,False,1847.8333333333333,6,46.5,0.8333333333333334,3.0,,0.0,0.0,10.107142857142858,1,0.42857142857142855,1
A-bcf664,Pro,DevTools,1970-01-01 00:00:00.000000005,False,1056.0,13,16.0,1.0,5.0,,0.0,0.0,10.267857142857142,1,0.5,1
A-90a8c8,Pro,FinTech,1970-01-01 00:00:00.000000015,False,3787.714285714286,7,,0.7142857142857143,4.0,,0.0,0.0,9.853658536585366,1,0.4878048780487805,1
A-86cdb4,Basic,DevTools,1970-01-01 00:00:00.000000002,False,394.55555555555554,9,47.0,1.0,5.0,,0.0,0.0,10.040816326530612,1,0.4897959183673469,0
A-4bfa33,Basic,Cybersecurity,1970-01-01 00:00:00.000000008,False,800.8571428571429,7,17.0,0.8571428571428571,4.0,,0.0,0.0,9.13888888888889,1,0.4722222222222222,1
A-dbc825,Enterprise,EdTech,1970-01-01 00:00:00.000000019,False,2650.25,16,106.25,0.875,6.0,,0.0,0.0,10.13888888888889,1,0.8055555555555556,1
A-c70870,Basic,Cybersecurity,1970-01-01 00:00:00.000000031,False,5659.142857142857,7,,1.0,5.0,,0.0,0.0,9.823529411764707,1,0.5294117647058824,1
A-7c4956,Enterprise,DevTools,1970-01-01 00:00:00.000000005,True,426.125,8,196.33333333333334,0.75,3.0,,0.0,0.0,10.555555555555555,1,0.8888888888888888,0
A-0651a4,Pro,HealthTech,1970-01-01 00:00:00.000000016,False,2970.9333333333334,15,2.0,0.8666666666666667,4.0,,0.0,0.0,10.217391304347826,1,0.5362318840579711,1
A-3ce5b8,Basic,FinTech,1970-01-01 00:00:00.000000008,True,1850.0,9,,1.0,10.0,,0.0,0.0,10.18,1,0.58,1
A-bd4708,Pro,FinTech,1970-01-01 00:00:00.000000037,False,2998.076923076923,13,,0.6923076923076923,4.0,,0.0,0.0,10.203125,1,0.46875,0
A-993085,Basic,HealthTech,1970-01-01 00:00:00.000000031,False,3230.4,15,19.0,0.8,4.0,,0.0,0.0,9.5,1,0.7142857142857143,1
A-92a3af,Enterprise,Cybersecurity,1970-01-01 00:00:00.000000025,False,3139.818181818182,11,,0.6363636363636364,4.0,,0.0,0.0,10.656716417910447,1,0.8208955223880597,0
A-151c9a,Enterprise,FinTech,1970-01-01 00:00:00.000000023,False,2850.0,5,,0.8,2.0,,0.0,0.0,10.764705882352942,1,0.4117647058823529,1
A-474ad4,Basic,EdTech,1970-01-01 00:00:00.000000008,False,808.3333333333334,15,19.5,0.6666666666666666,3.0,,0.0,0.0,9.453125,1,0.703125,0
A-4ef964,Pro,HealthTech,1970-01-01 00:00:00.000000017,False,1586.5555555555557,9,32.0,0.6666666666666666,3.0,,0.0,0.0,9.938775510204081,1,0.673469387755102,1
A-fd9422,Pro,Cybersecurity,1970-01-01 00:00:00.000000058,False,3125.5555555555557,9,38.0,0.7777777777777778,6.0,,0.0,0.0,10.363636363636363,1,0.4772727272727273,0
A-0baac2,Enterprise,FinTech,1970-01-01 00:00:00.000000014,True,3083.3333333333335,6,52.0,1.0,6.0,,0.0,0.0,9.619047619047619,1,0.42857142857142855,1
A-bb1486,Basic,HealthTech,1970-01-01 00:00:00.000000041,False,2038.375,8,13.0,0.75,3.0,,0.0,0.0,9.642857142857142,1,0.8571428571428571,1
A-560d27,Pro,DevTools,1970-01-01 00:00:00.000000023,False,3470.0833333333335,12,28.0,0.5833333333333334,4.0,,0.0,0.0,9.94915254237288,1,0.6440677966101694,0
A-0b0d6d,Pro,DevTools,1970-01-01 00:00:00.000000003,False,2576.230769230769,13,0.5,1.0,5.0,,0.0,0.0,9.387096774193548,1,0.7741935483870968,1
A-2789e3,Enterprise,FinTech,1970-01-01 00:00:00.000000011,False,2040.75,12,,0.8333333333333334,4.0,,0.0,0.0,10.461538461538462,1,0.6923076923076923,0
A-b07346,Pro,HealthTech,1970-01-01 00:00:00.000000051,True,6283.2,5,,0.6,3.0,,0.0,0.0,9.878787878787879,1,0.6666666666666666,1
A-902ef7,Enterprise,HealthTech,1970-01-01 00:00:00.000000083,True,5540.25,8,,1.0,2.0,,0.0,0.0,10.35,1,0.6,1
A-20736a,Enterprise,EdTech,1970-01-01 00:00:00.000000050,False,5789.285714285715,7,,1.0,4.0,,0.0,0.0,10.238095238095237,1,0.5238095238095238,1
A-e4bf56,Pro,HealthTech,1970-01-01 00:00:00.000000017,True,2703.714285714286,7,17.0,0.5714285714285714,8.0,,0.0,0.0,10.272727272727273,1,0.30303030303030304,0
A-cea1f0,Pro,FinTech,1970-01-01 00:00:00.000000008,True,1224.4,10,,0.4,5.0,,0.0,0.0,10.464285714285714,1,0.5,0
A-ef84cf,Enterprise,EdTech,1970-01-01 00:00:00.000000008,False,1501.4,5,68.0,0.6,5.0,,0.0,0.0,11.035714285714286,1,0.39285714285714285,1
A-d49cc5,Basic,Cybersecurity,1970-01-01 00:00:00.000000050,False,1665.625,8,,0.875,4.0,,0.0,0.0,10.634146341463415,1,0.8292682926829268,1
A-67be94,Enterprise,EdTech,1970-01-01 00:00:00.000000026,False,3132.8571428571427,7,154.0,0.8571428571428571,5.0,,0.0,0.0,9.904761904761905,1,0.40476190476190477,1
A-4e960a,Enterprise,FinTech,1970-01-01 00:00:00.000000012,True,1995.1666666666667,12,,0.9166666666666666,6.0,,0.0,0.0,10.448979591836734,1,0.42857142857142855,0
A-c37cab,Pro,Cybersecurity,1970-01-01 00:00:00.000000013,False,2452.75,12,59.5,0.9166666666666666,4.0,,0.0,0.0,10.114285714285714,1,0.5714285714285714,1
A-533452,Pro,DevTools,1970-01-01 00:00:00.000000009,False,1878.5454545454545,11,27.0,0.9090909090909091,4.0,,0.0,0.0,9.444444444444445,1,0.6984126984126984,1
A-443b7c,Enterprise,Cybersecurity,1970-01-01 00:00:00.000000001,True,1503.875,16,5.5,0.8125,8.0,,0.0,0.0,9.80952380952381,1,0.4603174603174603,0
A-1f7acb,Basic,FinTech,1970-01-01 00:00:00.000000064,False,5864.0,8,,0.75,7.0,,0.0,0.0,9.622641509433961,1,0.8867924528301887,0
A-f51f16,Enterprise,HealthTech,1970-01-01 00:00:00.000000001,False,1663.75,8,144.0,0.875,4.0,,0.0,0.0,10.378378378378379,1,0.7567567567567568,1
A-5a3eb9,Enterprise,DevTools,1970-01-01 00:00:00.000000018,False,1561.0,13,18.0,0.8461538461538461,3.0,,0.0,0.0,10.46376811594203,1,0.4927536231884058,1
A-5f2961,Basic,HealthTech,1970-01-01 00:00:00.000000004,False,1471.2857142857142,7,,0.8571428571428571,1.0,,0.0,0.0,9.666666666666666,1,0.5277777777777778,1
A-417d2f,Pro,Cybersecurity,1970-01-01 00:00:00.000000004,False,1433.3125,16,91.0,0.8125,6.0,,0.0,0.0,10.169014084507042,1,0.43661971830985913,1
A-e98302,Enterprise,EdTech,1970-01-01 00:00:00.000000016,False,2094.5,6,5.0,0.8333333333333334,9.0,,0.0,0.0,9.1,1,0.6,0
A-8bde0c,Basic,DevTools,1970-01-01 00:00:00.000000012,False,1899.888888888889,18,6.5,0.8333333333333334,3.0,,0.0,0.0,9.6625,1,0.5375,1
A-bcf87c,Pro,FinTech,1970-01-01 00:00:00.000000010,True,1979.090909090909,11,71.5,0.7272727272727273,2.0,,0.0,0.0,9.314814814814815,1,0.35185185185185186,0
A-54ecc2,Enterprise,Cybersecurity,1970-01-01 00:00:00.000000004,False,1469.8181818181818,11,,0.9090909090909091,5.0,,0.0,0.0,10.839285714285714,1,0.6964285714285714,1
A-625d0b,Basic,EdTech,1970-01-01 00:00:00.000000009,False,1081.1818181818182,11,6.0,0.9090909090909091,5.0,,0.0,0.0,9.796296296296296,1,0.7037037037037037,0
A-fce879,Pro,EdTech,1970-01-01 00:00:00.000000010,True,1359.4,5,,1.0,2.0,,0.0,0.0,11.074074074074074,1,0.5185185185185185,1
A-b07b56,Pro,DevTools,1970-01-01 00:00:00.000000025,True,1132.2666666666667,15,6.0,0.8,4.0,,0.0,0.0,9.890625,1,0.609375,1
A-6da850,Pro,FinTech,1970-01-01 00:00:00.000000005,False,1159.9375,16,27.333333333333332,0.75,5.0,,0.0,0.0,10.2,1,0.7714285714285715,1
A-342303,Pro,EdTech,1970-01-01 00:00:00.000000001,False,565.0,3,,1.0,3.0,,0.0,0.0,9.4,1,0.3333333333333333,1
A-e7a1e2,Enterprise,Cybersecurity,1970-01-01 00:00:00.000000003,False,1670.1666666666667,12,20.0,0.8333333333333334,1.0,,0.0,0.0,10.338235294117647,1,0.5294117647058824,1
A-f1f639,Basic,EdTech,1970-01-01 00:00:00.000000002,False,729.75,4,,1.0,7.0,,0.0,0.0,9.928571428571429,1,0.7142857142857143,1
A-a865bd,Pro,Cybersecurity,1970-01-01 00:00:00.000000038,False,4204.4,5,,0.6,2.0,,0.0,0.0,9.583333333333334,1,0.5416666666666666,1
A-4e631b,Enterprise,FinTech,1970-01-01 00:00:00.000000022,False,2218.0,11,,0.7272727272727273,2.0,,0.0,0.0,10.244897959183673,1,0.5918367346938775,0
A-7f6b86,Basic,HealthTech,1970-01-01 00:00:00.000000045,True,2155.777777777778,9,60.0,0.7777777777777778,7.0,,0.0,0.0,10.24390243902439,1,0.34146341463414637,1
A-8adedc,Basic,EdTech,1970-01-01 00:00:00.000000004,True,2023.4285714285713,14,60.5,0.9285714285714286,4.0,,0.0,0.0,9.557377049180328,1,0.5409836065573771,0
A-2edab2,Enterprise,HealthTech,1970-01-01 00:00:00.000000017,False,1139.0,10,220.0,0.9,4.0,,0.0,0.0,10.361702127659575,1,0.5531914893617021,1
A-149a69,Basic,DevTools,1970-01-01 00:00:00.000000034,False,2686.0,3,,0.3333333333333333,8.0,,0.0,0.0,11.555555555555555,1,0.5,1
A-a6d261,Pro,FinTech,1970-01-01 00:00:00.000000009,False,2727.9285714285716,14,214.0,0.9285714285714286,4.0,,0.0,0.0,9.952380952380953,1,0.4603174603174603,1
A-443f6f,Basic,Cybersecurity,1970-01-01 00:00:00.000000019,False,1510.4444444444443,9,1.0,0.7777777777777778,4.0,,0.0,0.0,9.410714285714286,1,0.5,0
A-202b67,Pro,HealthTech,1970-01-01 00:00:00.000000011,False,2018.6666666666667,9,169.0,0.8888888888888888,4.0,,0.0,0.0,9.717391304347826,1,0.8695652173913043,1
A-00bed1,Basic,Cybersecurity,1970-01-01 00:00:00.000000028,False,3350.6,10,,0.9,4.0,,0.0,0.0,10.07843137254902,1,0.5294117647058824,1
A-ffc04f,Pro,EdTech,1970-01-01 00:00:00.000000013,False,1335.9333333333334,15,10.5,0.5333333333333333,7.0,,0.0,0.0,9.965116279069768,1,0.7441860465116279,1
A-65c341,Pro,FinTech,1970-01-01 00:00:00.000000011,False,3818.25,8,75.5,1.0,5.0,,0.0,0.0,10.789473684210526,1,0.47368421052631576,1
A-dcc2f0,Basic,FinTech,1970-01-01 00:00:00.000000015,False,1166.2,15,48.0,0.8666666666666667,2.0,,0.0,0.0,10.960526315789474,1,0.34210526315789475,1
A-ced9aa,Enterprise,DevTools,1970-01-01 00:00:00.000000003,False,568.3636363636364,11,9.0,1.0,7.0,,0.0,0.0,9.654545454545454,1,0.7090909090909091,0
A-3d957b,Pro,HealthTech,1970-01-01 00:00:00.000000014,False,1975.3333333333333,6,71.0,0.6666666666666666,3.0,,0.0,0.0,9.533333333333333,1,0.8666666666666667,1
A-89ee83,Pro,Cybersecurity,1970-01-01 00:00:00.000000001,True,2264.2727272727275,11,6.5,1.0,5.0,,0.0,0.0,9.576271186440678,1,0.4406779661016949,0
A-883b7d,Basic,Cybersecurity,1970-01-01 00:00:00.000000017,False,2543.6666666666665,12,136.0,0.75,7.0,,0.0,0.0,9.757575757575758,1,0.6060606060606061,0
A-dcc3f1,Pro,HealthTech,1970-01-01 00:00:00.000000021,False,1593.375,8,,0.75,9.0,,0.0,0.0,10.416666666666666,1,0.6666666666666666,1
A-c62e55,Basic,EdTech,1970-01-01 00:00:00.000000001,False,1322.4444444444443,9,,0.7777777777777778,4.0,,0.0,0.0,10.53125,1,0.40625,0
A-e4144b,Pro,EdTech,1970-01-01 00:00:00.000000041,False,3542.4,10,,0.8,3.0,,0.0,0.0,10.209302325581396,1,0.4883720930232558,0
A-e40f45,Pro,HealthTech,1970-01-01 00:00:00.000000021,False,1689.2857142857142,7,28.0,0.8571428571428571,7.0,,0.0,0.0,8.911111111111111,1,0.5777777777777777,1
A-96215d,Enterprise,FinTech,1970-01-01 00:00:00.000000010,False,1718.6666666666667,6,,0.5,1.0,,0.0,0.0,10.84375,1,0.65625,0
A-2b9d3e,Enterprise,EdTech,1970-01-01 00:00:00.000000001,False,571.3333333333334,9,,0.8888888888888888,3.0,,0.0,0.0,9.866666666666667,1,0.4222222222222222,0
A-b7724f,Basic,HealthTech,1970-01-01 00:00:00.000000001,False,402.75,8,90.0,0.875,3.0,,0.0,0.0,10.0,1,0.42105263157894735,1
A-310452,Enterprise,DevTools,1970-01-01 00:00:00.000000009,False,2200.6,5,,0.8,5.0,,0.0,0.0,10.72,1,0.64,1
A-eb1312,Pro,FinTech,1970-01-01 00:00:00.000000025,False,1512.25,12,36.0,0.8333333333333334,1.0,,0.0,0.0,10.2,1,0.5846153846153846,1
A-df1e44,Enterprise,Cybersecurity,1970-01-01 00:00:00.000000012,False,1191.5454545454545,11,98.0,0.7272727272727273,2.0,,0.0,0.0,10.0,1,0.3333333333333333,1
A-6a7c9d,Enterprise,Cybersecurity,1970-01-01 00:00:00.000000026,True,2605.6,5,9.0,1.0,3.0,,0.0,0.0,9.947368421052632,1,0.3157894736842105,1
A-cbd1a3,Basic,DevTools,1970-01-01 00:00:00.000000006,True,1635.1,10,,0.8,4.0,,0.0,0.0,10.333333333333334,1,0.7111111111111111,0
A-a8d89d,Pro,EdTech,1970-01-01 00:00:00.000000013,False,2443.3333333333335,12,,0.9166666666666666,2.0,,0.0,0.0,10.203703703703704,1,0.48148148148148145,1
A-600734,Pro,DevTools,1970-01-01 00:00:00.000000029,True,1394.7692307692307,13,71.0,0.7692307692307693,7.0,,0.0,0.0,9.565217391304348,1,0.43478260869565216,0
A-86fc1d,Basic,DevTools,1970-01-01 00:00:00.000000026,False,1686.7777777777778,9,5.5,0.8888888888888888,5.0,,0.0,0.0,9.81081081081081,1,0.7027027027027027,1
A-78f02b,Enterprise,HealthTech,1970-01-01 00:00:00.000000011,False,3770.25,4,,0.75,4.0,,0.0,0.0,10.55,1,0.8,1
A-acb7f7,Basic,EdTech,1970-01-01 00:00:00.000000032,False,2714.5,12,,0.8333333333333334,3.0,,0.0,0.0,9.870967741935484,1,0.5806451612903226,1
A-712f1c,Basic,DevTools,1970-01-01 00:00:00.000000017,True,3583.25,12,105.0,0.8333333333333334,6.0,,0.0,0.0,9.279411764705882,1,0.5,1
A-3793ee,Enterprise,Cybersecurity,1970-01-01 00:00:00.000000049,False,3815.0,7,320.0,0.8571428571428571,4.0,,0.0,0.0,9.263157894736842,1,0.2894736842105263,1
A-9a532a,Enterprise,HealthTech,1970-01-01 00:00:00.000000011,False,2736.25,4,,1.0,2.0,,0.0,0.0,10.277777777777779,1,0.8333333333333334,0
A-2ebb4b,Basic,HealthTech,1970-01-01 00:00:00.000000041,False,3068.8,10,42.0,1.0,2.0,,0.0,0.0,9.76,1,0.66,1
A-6843f2,Enterprise,HealthTech,1970-01-01 00:00:00.000000021,False,1835.5555555555557,9,,1.0,2.0,,0.0,0.0,10.456521739130435,1,0.3695652173913043,0
A-c9bb3e,Pro,EdTech,1970-01-01 00:00:00.000000005,False,1521.7,10,1.0,0.9,7.0,,0.0,0.0,10.304347826086957,1,0.43478260869565216,1
A-4814a3,Basic,Cybersecurity,1970-01-01 00:00:00.000000087,True,7996.090909090909,11,55.0,0.7272727272727273,4.0,,0.0,0.0,9.783333333333333,1,0.75,1
A-b7b7b7,Basic,FinTech,1970-01-01 00:00:00.000000024,True,2379.8333333333335,12,,0.9166666666666666,3.0,,0.0,0.0,10.381818181818181,1,0.4727272727272727,0
A-ccc747,Pro,HealthTech,1970-01-01 00:00:00.000000016,True,802.0,6,76.0,0.3333333333333333,4.0,,0.0,0.0,9.466666666666667,1,0.43333333333333335,1
A-bb3bd4,Basic,HealthTech,1970-01-01 00:00:00.000000023,False,1064.5714285714287,7,,1.0,11.0,,0.0,0.0,10.5,1,0.36666666666666664,1
A-09316c,Enterprise,FinTech,1970-01-01 00:00:00.000000070,False,6363.636363636364,11,,0.9090909090909091,4.0,,0.0,0.0,10.481481481481481,1,0.5740740740740741,1
A-96bbc6,Enterprise,Cybersecurity,1970-01-01 00:00:00.000000039,False,3803.25,8,,0.875,3.0,,0.0,0.0,9.83673469387755,1,0.5102040816326531,1
A-bc4d48,Pro,EdTech,1970-01-01 00:00:00.000000035,False,1770.0,7,,0.5714285714285714,6.0,,0.0,0.0,10.03125,1,0.28125,0
A-b30291,Basic,HealthTech,1970-01-01 00:00:00.000000005,True,537.5,10,37.0,1.0,1.0,,0.0,0.0,10.8125,1,0.6458333333333334,1
A-cdf020,Pro,DevTools,1970-01-01 00:00:00.000000023,False,2259.0,8,223.0,0.75,4.0,,0.0,0.0,9.475,1,0.45,1
A-e6afc1,Pro,DevTools,1970-01-01 00:00:00.000000001,False,2052.909090909091,11,,0.8181818181818182,0.0,,0.0,0.0,9.56338028169014,1,0.4225352112676056,0
A-e3bd71,Basic,Cybersecurity,1970-01-01 00:00:00.000000031,False,3784.5454545454545,11,71.0,0.7272727272727273,4.0,,0.0,0.0,10.459016393442623,1,0.4426229508196721,1
A-b179bf,Basic,Cybersecurity,1970-01-01 00:00:00.000000043,False,3586.2,5,,1.0,6.0,,0.0,0.0,10.205128205128204,1,0.46153846153846156,1
A-098560,Enterprise,DevTools,1970-01-01 00:00:00.000000001,True,1120.5454545454545,11,84.0,0.7272727272727273,2.0,,0.0,0.0,10.309090909090909,1,0.5818181818181818,1
A-82861f,Basic,DevTools,1970-01-01 00:00:00.000000041,False,4363.3,10,76.66666666666667,0.8,5.0,,0.0,0.0,9.24,1,0.86,1
A-94c3cd,Enterprise,FinTech,1970-01-01 00:00:00.000000032,False,1506.0,6,,0.6666666666666666,4.0,,0.0,0.0,9.870967741935484,1,0.5806451612903226,0
A-a33200,Basic,HealthTech,1970-01-01 00:00:00.000000029,False,2409.4166666666665,12,30.0,0.75,3.0,,0.0,0.0,9.4,1,0.4727272727272727,1
A-034368,Enterprise,EdTech,1970-01-01 00:00:00.000000019,False,2238.8,5,,0.8,5.0,,0.0,0.0,9.464285714285714,1,0.8928571428571429,1
A-b54c01,Enterprise,DevTools,1970-01-01 00:00:00.000000029,False,848.25,4,,0.75,5.0,,0.0,0.0,9.826086956521738,1,0.7391304347826086,1
A-d82ef9,Basic,EdTech,1970-01-01 00:00:00.000000026,True,1023.3571428571429,14,126.0,0.6428571428571429,5.0,,0.0,0.0,9.985294117647058,1,0.6764705882352942,1
A-bb2f49,Pro,Cybersecurity,1970-01-01 00:00:00.000000008,False,2180.909090909091,11,350.0,0.9090909090909091,3.0,,0.0,0.0,10.3,1,0.7,0
A-1f559b,Enterprise,HealthTech,1970-01-01 00:00:00.000000005,True,1175.6,10,132.0,0.6,5.0,,0.0,0.0,10.0,1,0.675,1
A-5a215a,Enterprise,EdTech,1970-01-01 00:00:00.000000087,False,7230.666666666667,18,98.66666666666667,0.8333333333333334,4.0,,0.0,0.0,10.0875,1,0.8875,0
A-3f9cc0,Basic,HealthTech,1970-01-01 00:00:00.000000022,False,2848.5714285714284,7,,0.7142857142857143,5.0,,0.0,0.0,9.69047619047619,1,0.5714285714285714,1
A-f9cc74,Enterprise,DevTools,1970-01-01 00:00:00.000000030,False,1555.7,10,17.0,0.8,6.0,,0.0,0.0,9.68,1,0.44,0
A-ed510f,Basic,Cybersecurity,1970-01-01 00:00:00.000000042,False,3616.2,10,84.0,0.7,9.0,,0.0,0.0,10.061224489795919,1,0.5714285714285714,1
A-5c9849,Basic,EdTech,1970-01-01 00:00:00.000000019,False,4083.8888888888887,9,15.0,0.7777777777777778,4.0,,0.0,0.0,10.282608695652174,1,0.5,1
A-a7bd4b,Enterprise,Cybersecurity,1970-01-01 00:00:00.000000005,False,569.8181818181819,11,168.66666666666666,0.8181818181818182,6.0,,0.0,0.0,10.472727272727273,1,0.6727272727272727,1
A-d4ac0e,Basic,DevTools,1970-01-01 00:00:00.000000018,False,1450.3684210526317,19,49.0,0.8947368421052632,4.0,,0.0,0.0,9.9125,1,0.6625,0
A-ffdfd5,Basic,EdTech,1970-01-01 00:00:00.000000003,True,1432.2,10,11.0,0.8,0.0,,0.0,0.0,10.173076923076923,1,0.5384615384615384,1
A-0dbdc6,Pro,Cybersecurity,1970-01-01 00:00:00.000000030,True,3141.4444444444443,9,,0.8888888888888888,4.0,,0.0,0.0,9.846153846153847,1,0.5961538461538461,1
A-7cfe77,Pro,DevTools,1970-01-01 00:00:00.000000069,False,2553.0,5,,1.0,7.0,,0.0,0.0,10.789473684210526,1,0.5789473684210527,1
A-1f0636,Pro,EdTech,1970-01-01 00:00:00.000000105,False,8610.0,11,245.0,0.8181818181818182,2.0,,0.0,0.0,10.073529411764707,1,0.4411764705882353,0
A-40de06,Enterprise,Cybersecurity,1970-01-01 00:00:00.000000028,True,1803.875,16,421.0,0.8125,3.0,,0.0,0.0,9.912087912087912,1,0.4725274725274725,0
A-cb5333,Pro,DevTools,1970-01-01 00:00:00.000000033,False,1641.0,16,10.0,0.75,4.0,,0.0,0.0,9.707317073170731,1,0.4146341463414634,1
A-309e54,Pro,DevTools,1970-01-01 00:00:00.000000015,False,2595.3636363636365,11,1.0,1.0,5.0,,0.0,0.0,9.788461538461538,1,0.46153846153846156,1
A-6e7827,Basic,DevTools,1970-01-01 00:00:00.000000001,False,927.1111111111111,9,7.0,0.7777777777777778,2.0,,0.0,0.0,10.21951219512195,1,0.7560975609756098,1
A-50bb9f,Pro,Cybersecurity,1970-01-01 00:00:00.000000002,False,2157.875,8,0.0,0.875,7.0,,0.0,0.0,11.5,1,0.625,1
A-5fe118,Enterprise,Cybersecurity,1970-01-01 00:00:00.000000039,False,4458.0,5,,0.8,1.0,,0.0,0.0,11.095238095238095,1,0.5714285714285714,1
A-5247b3,Pro,FinTech,1970-01-01 00:00:00.000000016,False,1071.909090909091,11,158.0,0.9090909090909091,5.0,,0.0,0.0,10.166666666666666,1,0.48333333333333334,1
A-f44180,Pro,Cybersecurity,1970-01-01 00:00:00.000000009,False,2617.090909090909,11,260.5,0.7272727272727273,2.0,,0.0,0.0,10.0,1,0.4230769230769231,1
A-c16cf7,Pro,EdTech,1970-01-01 00:00:00.000000013,False,1227.4,10,22.0,0.8,3.0,,0.0,0.0,9.948275862068966,1,0.4482758620689655,1
A-d42431,Enterprise,FinTech,1970-01-01 00:00:00.000000022,False,2351.1111111111113,9,29.0,0.7777777777777778,4.0,,0.0,0.0,9.72340425531915,1,0.723404255319149,1
A-6965e1,Basic,DevTools,1970-01-01 00:00:00.000000013,False,2313.75,12,,0.6666666666666666,3.0,,0.0,0.0,10.627118644067796,1,0.4915254237288136,1
A-0354fe,Basic,Cybersecurity,1970-01-01 00:00:00.000000034,False,2210.0,7,4.0,0.7142857142857143,4.0,,0.0,0.0,10.28888888888889,1,0.6666666666666666,1
A-0a62f5,Pro,FinTech,1970-01-01 00:00:00.000000016,False,1215.25,4,,1.0,2.0,,0.0,0.0,9.76,1,0.28,1
A-f5641b,Pro,EdTech,1970-01-01 00:00:00.000000031,False,3912.0,10,92.0,0.6,4.0,,0.0,0.0,11.23076923076923,1,0.46153846153846156,1
A-b44e3e,Basic,Cybersecurity,1970-01-01 00:00:00.000000040,False,6217.285714285715,7,0.0,0.8571428571428571,3.0,,0.0,0.0,10.18421052631579,1,0.34210526315789475,1
A-3b37d9,Enterprise,FinTech,1970-01-01 00:00:00.000000023,False,2776.4285714285716,7,380.0,0.8571428571428571,5.0,,0.0,0.0,10.488372093023257,1,0.4883720930232558,1
A-54d94a,Basic,Cybersecurity,1970-01-01 00:00:00.000000027,False,1141.5454545454545,11,60.0,0.9090909090909091,4.0,,0.0,0.0,9.864406779661017,1,0.4745762711864407,0
A-7f29a7,Basic,Cybersecurity,1970-01-01 00:00:00.000000041,False,1714.5454545454545,11,18.333333333333332,0.6363636363636364,1.0,,0.0,0.0,9.983870967741936,1,0.6129032258064516,1
A-089363,Basic,FinTech,1970-01-01 00:00:00.000000002,False,1507.4285714285713,14,24.0,0.5714285714285714,3.0,,0.0,0.0,10.295081967213115,1,0.5409836065573771,1
A-524364,Enterprise,DevTools,1970-01-01 00:00:00.000000003,False,1592.0,6,,1.0,3.0,,0.0,0.0,9.115384615384615,1,0.9230769230769231,0
A-855a48,Pro,EdTech,1970-01-01 00:00:00.000000014,False,3797.0,8,,0.375,5.0,,0.0,0.0,10.181818181818182,1,0.36363636363636365,1
A-756192,Basic,FinTech,1970-01-01 00:00:00.000000019,False,2140.0,10,,0.8,3.0,,0.0,0.0,9.640625,1,0.671875,0
A-49b828,Pro,FinTech,1970-01-01 00:00:00.000000006,False,2222.0,14,,0.9285714285714286,3.0,,0.0,0.0,10.569230769230769,1,0.6923076923076923,0
A-c7ffc2,Pro,Cybersecurity,1970-01-01 00:00:00.000000030,False,3009.3333333333335,12,,0.75,2.0,,0.0,0.0,10.32258064516129,1,0.45161290322580644,1
A-751c58,Basic,FinTech,1970-01-01 00:00:00.000000015,False,1781.5454545454545,11,,0.8181818181818182,5.0,,0.0,0.0,10.830188679245284,1,0.22641509433962265,1
A-72799b,Enterprise,DevTools,1970-01-01 00:00:00.000000020,True,1731.5,10,162.0,0.8,2.0,,0.0,0.0,9.821428571428571,1,0.6071428571428571,1
A-812c5b,Basic,DevTools,1970-01-01 00:00:00.000000055,True,2298.769230769231,13,,0.9230769230769231,4.0,,0.0,0.0,9.840909090909092,1,0.5227272727272727,1
A-69b156,Pro,EdTech,1970-01-01 00:00:00.000000007,True,1588.111111111111,9,52.5,0.7777777777777778,7.0,,0.0,0.0,10.0,1,0.5555555555555556,0
A-075038,Basic,HealthTech,1970-01-01 00:00:00.000000017,False,1350.642857142857,14,,0.7857142857142857,2.0,,0.0,0.0,10.614285714285714,1,0.44285714285714284,1
A-940b8b,Basic,HealthTech,1970-01-01 00:00:00.000000001,False,1205.0,8,,0.75,3.0,,0.0,0.0,10.342857142857143,1,0.9142857142857143,0
A-2d1036,Pro,FinTech,1970-01-01 00:00:00.000000069,True,4973.307692307692,13,50.333333333333336,0.7692307692307693,5.0,,0.0,0.0,10.028985507246377,1,0.5797101449275363,1
A-0f6450,Pro,FinTech,1970-01-01 00:00:00.000000028,True,2163.6363636363635,11,,0.7272727272727273,8.0,,0.0,0.0,9.981481481481481,1,0.7222222222222222,1
A-9affe6,Pro,Cybersecurity,1970-01-01 00:00:00.000000007,False,966.9090909090909,11,362.5,0.9090909090909091,3.0,,0.0,0.0,10.063829787234043,1,0.3404255319148936,1
A-80eeb6,Enterprise,Cybersecurity,1970-01-01 00:00:00.000000022,False,4280.5625,16,221.33333333333334,0.9375,4.0,,0.0,0.0,9.539473684210526,1,0.5657894736842105,1
A-d4e0d4,Basic,FinTech,1970-01-01 00:00:00.000000117,False,13806.0,10,3.0,0.9,4.0,,0.0,0.0,9.959183673469388,1,0.673469387755102,0
A-c7e58b,Pro,HealthTech,1970-01-01 00:00:00.000000003,False,769.1428571428571,7,,0.5714285714285714,5.0,,0.0,0.0,10.088235294117647,1,0.5294117647058824,0
A-016043,Basic,EdTech,1970-01-01 00:00:00.000000004,False,1501.4545454545455,11,28.0,0.5454545454545454,3.0,,0.0,0.0,10.425531914893616,1,0.44680851063829785,1
A-bbe56f,Enterprise,HealthTech,1970-01-01 00:00:00.000000021,False,1205.0,5,,1.0,4.0,,0.0,0.0,10.545454545454545,1,0.36363636363636365,0
A-7c5768,Enterprise,HealthTech,1970-01-01 00:00:00.000000003,False,376.55555555555554,9,,0.8888888888888888,5.0,,0.0,0.0,10.021739130434783,1,0.6739130434782609,0
A-751bd4,Pro,Cybersecurity,1970-01-01 00:00:00.000000010,False,95.0,2,,1.0,6.0,,0.0,0.0,9.2,1,0.0,1
A-4e0e85,Enterprise,DevTools,1970-01-01 00:00:00.000000006,False,568.0,8,,0.875,2.0,,0.0,0.0,9.290322580645162,1,0.2903225806451613,1
A-ad3abd,Pro,FinTech,1970-01-01 00:00:00.000000044,False,2413.714285714286,7,227.33333333333334,0.7142857142857143,3.0,,0.0,0.0,10.206896551724139,1,0.3793103448275862,1
A-e19ff6,Enterprise,Cybersecurity,1970-01-01 00:00:00.000000001,False,409.1666666666667,12,,0.5833333333333334,3.0,,0.0,0.0,10.133333333333333,1,0.5333333333333333,1
A-7920cc,Pro,Cybersecurity,1970-01-01 00:00:00.000000039,False,3255.5625,16,,1.0,7.0,,0.0,0.0,9.693548387096774,1,0.45161290322580644,0
A-5a92e7,Pro,HealthTech,1970-01-01 00:00:00.000000004,False,666.8947368421053,19,55.0,0.7894736842105263,7.0,,0.0,0.0,10.411764705882353,1,0.8941176470588236,1
A-fdfc91,Basic,Cybersecurity,1970-01-01 00:00:00.000000029,False,2061.2,10,102.0,0.9,5.0,,0.0,0.0,10.071428571428571,1,0.5178571428571429,0
A-1e50e0,Pro,Cybersecurity,1970-01-01 00:00:00.000000019,True,2659.0,5,263.0,0.8,2.0,,0.0,0.0,9.7,1,0.75,1
A-1e1b80,Enterprise,FinTech,1970-01-01 00:00:00.000000050,False,4053.9166666666665,12,,0.8333333333333334,6.0,,0.0,0.0,10.029411764705882,1,0.6911764705882353,1
A-659280,Enterprise,FinTech,1970-01-01 00:00:00.000000013,True,1787.5,12,,0.25,4.0,,0.0,0.0,10.216666666666667,1,0.5666666666666667,1
A-f6b2fb,Basic,DevTools,1970-01-01 00:00:00.000000023,False,2335.9,10,127.5,0.8,5.0,,0.0,0.0,9.527272727272727,1,0.6727272727272727,1
A-cb6cc6,Basic,DevTools,1970-01-01 00:00:00.000000013,False,374.57142857142856,7,,0.42857142857142855,3.0,,0.0,0.0,8.971428571428572,1,0.7428571428571429,0
A-d62e02,Pro,Cybersecurity,1970-01-01 00:00:00.000000006,False,2132.4,10,,0.8,1.0,,0.0,0.0,10.117647058823529,1,0.6764705882352942,0
A-d535f6,Basic,DevTools,1970-01-01 00:00:00.000000012,True,823.8888888888889,9,,0.8888888888888888,0.0,,0.0,0.0,10.148936170212766,1,0.6170212765957447,1
A-39868b,Pro,FinTech,1970-01-01 00:00:00.000000009,False,838.8,5,,0.4,6.0,,0.0,0.0,10.892857142857142,1,0.75,1
A-3cc791,Enterprise,EdTech,1970-01-01 00:00:00.000000006,False,1065.25,8,,0.75,6.0,,0.0,0.0,9.717391304347826,1,0.6521739130434783,1
A-337bc1,Pro,Cybersecurity,1970-01-01 00:00:00.000000030,False,2768.4285714285716,7,,0.8571428571428571,4.0,,0.0,0.0,9.883720930232558,1,0.7906976744186046,1
A-58b9ff,Enterprise,DevTools,1970-01-01 00:00:00.000000002,False,1741.6923076923076,13,18.0,0.6153846153846154,2.0,,0.0,0.0,10.261538461538462,1,0.49230769230769234,1
A-bf7919,Pro,HealthTech,1970-01-01 00:00:00.000000003,False,260.0,6,8.0,0.6666666666666666,2.0,,0.0,0.0,10.076923076923077,1,0.5384615384615384,1
A-1d5444,Basic,Cybersecurity,1970-01-01 00:00:00.000000024,True,2211.285714285714,14,,0.7142857142857143,2.0,,0.0,0.0,10.033898305084746,1,0.5932203389830508,1
A-0f3e88,Basic,HealthTech,1970-01-01 00:00:00.000000007,True,511.27272727272725,11,12.0,0.7272727272727273,3.0,,0.0,0.0,10.135593220338983,1,0.4745762711864407,1
A-7641d3,Pro,EdTech,1970-01-01 00:00:00.000000008,True,1096.3636363636363,11,,0.7272727272727273,5.0,,0.0,0.0,10.38,1,0.52,1
A-cd458b,Basic,DevTools,1970-01-01 00:00:00.000000010,False,2886.0666666666666,15,27.0,0.8666666666666667,5.0,,0.0,0.0,10.285714285714286,1,0.5357142857142857,1
A-c16b88,Enterprise,HealthTech,1970-01-01 00:00:00.000000023,False,2259.777777777778,9,21.0,0.6666666666666666,3.0,,0.0,0.0,9.520833333333334,1,0.5,1
A-59f724,Enterprise,HealthTech,1970-01-01 00:00:00.000000003,False,814.4166666666666,12,,0.75,4.0,,0.0,0.0,10.235294117647058,1,0.6911764705882353,0
A-87aa7b,Pro,HealthTech,1970-01-01 00:00:00.000000024,False,1430.0625,16,,0.8125,3.0,,0.0,0.0,10.305555555555555,1,0.4861111111111111,1
A-1e6fc3,Pro,EdTech,1970-01-01 00:00:00.000000001,False,111.0,4,82.0,1.0,5.0,,0.0,0.0,9.384615384615385,1,0.7307692307692307,1
A-39ddf4,Enterprise,EdTech,1970-01-01 00:00:00.000000040,False,3981.777777777778,9,9.0,0.7777777777777778,5.0,,0.0,0.0,9.891304347826088,1,0.782608695652174,1
A-34ea2f,Enterprise,HealthTech,1970-01-01 00:00:00.000000008,True,1215.25,12,44.0,0.6666666666666666,8.0,,0.0,0.0,9.649122807017545,1,0.5263157894736842,1
A-716841,Pro,FinTech,1970-01-01 00:00:00.000000045,False,3279.25,8,,1.0,5.0,,0.0,0.0,10.117647058823529,1,0.38235294117647056,1
A-558c72,Basic,FinTech,1970-01-01 00:00:00.000000012,False,1310.142857142857,7,18.0,0.8571428571428571,4.0,,0.0,0.0,9.866666666666667,1,0.5333333333333333,1
A-b11cd0,Pro,DevTools,1970-01-01 00:00:00.000000026,True,801.0,6,435.5,1.0,4.0,,0.0,0.0,9.586206896551724,1,0.5517241379310345,0
A-cc1d8d,Pro,FinTech,1970-01-01 00:00:00.000000005,False,688.2307692307693,13,,0.8461538461538461,5.0,,0.0,0.0,9.80952380952381,1,0.7619047619047619,1
A-7f4db3,Pro,FinTech,1970-01-01 00:00:00.000000004,False,1751.7333333333333,15,154.66666666666666,0.8666666666666667,5.0,,0.0,0.0,9.377777777777778,1,0.5111111111111111,1
A-db5e9e,Basic,DevTools,1970-01-01 00:00:00.000000004,False,1156.375,8,0.0,0.75,2.0,,0.0,0.0,10.280701754385966,1,0.47368421052631576,1
A-cc102e,Enterprise,HealthTech,1970-01-01 00:00:00.000000013,False,1006.3,10,141.0,0.8,4.0,,0.0,0.0,9.162790697674419,1,0.9069767441860465,1
A-82d8a6,Basic,Cybersecurity,1970-01-01 00:00:00.000000005,False,1645.0588235294117,17,5.5,0.8823529411764706,5.0,,0.0,0.0,9.442857142857143,1,0.5428571428571428,1
A-dec005,Pro,HealthTech,1970-01-01 00:00:00.000000021,False,3074.4,10,18.0,0.7,2.0,,0.0,0.0,9.313725490196079,1,0.8627450980392157,1
A-5790f4,Pro,FinTech,1970-01-01 00:00:00.000000001,False,3154.3333333333335,6,3.0,0.5,4.0,,0.0,0.0,9.17142857142857,1,0.7428571428571429,1
A-7c83a1,Pro,Cybersecurity,1970-01-01 00:00:00.000000012,False,1394.25,12,83.33333333333333,0.9166666666666666,4.0,,0.0,0.0,10.193548387096774,1,0.3709677419354839,1
A-297a2d,Pro,HealthTech,1970-01-01 00:00:00.000000027,False,2874.6,5,,0.8,2.0,,0.0,0.0,9.76,1,0.88,0
A-4c56c9,Enterprise,FinTech,1970-01-01 00:00:00.000000009,True,2343.923076923077,13,56.666666666666664,0.7692307692307693,5.0,,0.0,0.0,9.734375,1,0.59375,1
A-cbbe12,Enterprise,Cybersecurity,1970-01-01 00:00:00.000000040,False,2180.1666666666665,6,265.0,0.8333333333333334,6.0,,0.0,0.0,8.090909090909092,1,0.45454545454545453,0
A-4a267b,Pro,FinTech,1970-01-01 00:00:00.000000025,False,2968.7,10,53.5,0.9,4.0,,0.0,0.0,9.96,1,0.44,1
A-bcbe98,Enterprise,Cybersecurity,1970-01-01 00:00:00.000000046,False,1969.6363636363637,11,,0.8181818181818182,7.0,,0.0,0.0,9.76923076923077,1,0.6615384615384615,1
A-427b69,Basic,FinTech,1970-01-01 00:00:00.000000017,False,1995.8,10,11.0,0.7,2.0,,0.0,0.0,9.971428571428572,1,0.5142857142857142,0
A-0be015,Pro,FinTech,1970-01-01 00:00:00.000000019,False,235.6,5,9.0,0.6,7.0,,0.0,0.0,10.607142857142858,1,0.4642857142857143,1
A-054577,Basic,EdTech,1970-01-01 00:00:00.000000002,False,2787.5625,16,44.0,0.875,1.0,,0.0,0.0,9.8,1,0.611764705882353,0
A-bc87bc,Pro,FinTech,1970-01-01 00:00:00.000000003,False,1504.0,8,37.0,1.0,7.0,,0.0,0.0,10.944444444444445,1,0.3888888888888889,0
A-0f7d77,Pro,FinTech,1970-01-01 00:00:00.000000003,False,387.6666666666667,6,30.0,0.5,5.0,,0.0,0.0,9.933333333333334,1,0.6333333333333333,1
A-e7beab,Enterprise,EdTech,1970-01-01 00:00:00.000000005,False,1618.857142857143,7,128.0,1.0,6.0,,0.0,0.0,10.36111111111111,1,0.4722222222222222,1
A-a09355,Basic,FinTech,1970-01-01 00:00:00.000000014,False,2133.75,16,6.0,0.875,5.0,,0.0,0.0,10.102564102564102,1,0.6025641025641025,1
A-31ab9a,Pro,FinTech,1970-01-01 00:00:00.000000003,False,2257.4285714285716,7,,0.8571428571428571,7.0,,0.0,0.0,10.0,1,0.6764705882352942,1
A-0158bb,Basic,FinTech,1970-01-01 00:00:00.000000005,False,678.3333333333334,6,,0.8333333333333334,1.0,,0.0,0.0,10.11111111111111,1,0.6111111111111112,0
A-f19b24,Pro,Cybersecurity,1970-01-01 00:00:00.000000029,False,841.0,3,,1.0,2.0,,0.0,0.0,9.916666666666666,1,0.8333333333333334,0
A-798a3f,Enterprise,DevTools,1970-01-01 00:00:00.000000012,True,1572.4444444444443,9,190.0,0.7777777777777778,5.0,,0.0,0.0,9.513513513513514,1,0.5135135135135135,1
A-42b791,Pro,FinTech,1970-01-01 00:00:00.000000003,False,2722.8571428571427,7,31.0,0.5714285714285714,3.0,,0.0,0.0,9.75,1,0.1875,0
A-068fc6,Enterprise,EdTech,1970-01-01 00:00:00.000000035,False,2908.5,10,9.0,0.9,5.0,,0.0,0.0,10.135593220338983,1,0.4915254237288136,0
A-6f50ae,Pro,FinTech,1970-01-01 00:00:00.000000019,True,1900.5714285714287,14,,0.6428571428571429,5.0,,0.0,0.0,9.771084337349398,1,0.5783132530120482,1
A-a2485e,Pro,FinTech,1970-01-01 00:00:00.000000003,False,1462.5,6,,0.6666666666666666,0.0,,0.0,0.0,11.321428571428571,1,0.4642857142857143,0
A-bb1eaa,Basic,Cybersecurity,1970-01-01 00:00:00.000000021,False,2076.2,5,,1.0,6.0,,0.0,0.0,9.647058823529411,1,0.4117647058823529,1
A-cc98bc,Basic,DevTools,1970-01-01 00:00:00.000000032,False,2156.7,10,51.0,0.9,3.0,,0.0,0.0,10.39622641509434,1,0.4528301886792453,0
A-d77f4c,Pro,DevTools,1970-01-01 00:00:00.000000004,False,3480.4285714285716,14,59.5,0.7857142857142857,2.0,,0.0,0.0,9.951612903225806,1,0.5161290322580645,1
A-ccabf0,Pro,HealthTech,1970-01-01 00:00:00.000000001,False,2237.9,10,82.5,0.9,4.0,,0.0,0.0,10.12,1,0.58,1
A-700ade,Enterprise,Cybersecurity,1970-01-01 00:00:00.000000001,False,2109.375,8,29.0,0.625,4.0,,0.0,0.0,9.793103448275861,1,0.6206896551724138,0
A-4a4c2d,Enterprise,DevTools,1970-01-01 00:00:00.000000054,False,2612.769230769231,13,206.0,0.7692307692307693,5.0,,0.0,0.0,9.94915254237288,1,0.6271186440677966,0
A-b7ef83,Pro,Cybersecurity,1970-01-01 00:00:00.000000001,False,2391.2,15,4.0,0.6666666666666666,2.0,,0.0,0.0,10.25,1,0.5416666666666666,1
A-e08cd3,Pro,FinTech,1970-01-01 00:00:00.000000067,False,6456.363636363636,11,81.0,0.6363636363636364,8.0,,0.0,0.0,10.046511627906977,1,0.4883720930232558,1
A-19b2c8,Pro,DevTools,1970-01-01 00:00:00.000000020,False,2054.076923076923,13,,0.6923076923076923,3.0,,0.0,0.0,9.53968253968254,1,0.5396825396825397,1
A-970c97,Enterprise,HealthTech,1970-01-01 00:00:00.000000014,False,1922.625,8,6.0,0.5,1.0,,0.0,0.0,10.090909090909092,1,0.5454545454545454,0
A-6dee43,Basic,FinTech,1970-01-01 00:00:00.000000003,False,2070.0,11,73.0,0.7272727272727273,5.0,,0.0,0.0,9.604166666666666,1,0.22916666666666666,1
A-5ed98d,Basic,DevTools,1970-01-01 00:00:00.000000024,False,1934.75,8,,0.875,5.0,,0.0,0.0,9.75,1,0.5625,1
A-c58f49,Enterprise,EdTech,1970-01-01 00:00:00.000000070,False,10140.0,7,,1.0,3.0,,0.0,0.0,9.552631578947368,1,0.5789473684210527,1
A-9c18c4,Pro,HealthTech,1970-01-01 00:00:00.000000011,True,1782.3,10,304.5,0.9,4.0,,0.0,0.0,9.928571428571429,1,0.6607142857142857,0
A-cc8c8f,Enterprise,DevTools,1970-01-01 00:00:00.000000023,False,2228.5714285714284,7,51.0,0.8571428571428571,2.0,,0.0,0.0,9.571428571428571,1,0.6428571428571429,1
A-5f7781,Pro,DevTools,1970-01-01 00:00:00.000000022,False,2050.4,5,,0.8,2.0,,0.0,0.0,10.166666666666666,1,0.5555555555555556,1
A-e1b9cd,Pro,DevTools,1970-01-01 00:00:00.000000040,True,2469.4666666666667,15,433.0,0.6666666666666666,1.0,,0.0,0.0,10.5,1,0.5875,1
A-ac85cd,Enterprise,EdTech,1970-01-01 00:00:00.000000053,False,3438.9166666666665,12,42.0,0.9166666666666666,3.0,,0.0,0.0,10.063492063492063,1,0.4603174603174603,1
A-d792a6,Enterprise,DevTools,1970-01-01 00:00:00.000000004,False,1536.6,15,183.0,0.9333333333333333,5.0,,0.0,0.0,10.147058823529411,1,0.5882352941176471,1
A-ac9111,Pro,HealthTech,1970-01-01 00:00:00.000000021,False,1664.125,16,172.0,0.875,3.0,,0.0,0.0,9.734939759036145,1,0.5542168674698795,1
A-18793f,Basic,EdTech,1970-01-01 00:00:00.000000148,False,7144.363636363636,11,9.0,0.8181818181818182,5.0,,0.0,0.0,10.125,1,0.4166666666666667,1
A-9f0b68,Basic,EdTech,1970-01-01 00:00:00.000000010,False,2376.5,12,,0.75,3.0,,0.0,0.0,10.128571428571428,1,0.4714285714285714,1
A-d3c88e,Pro,DevTools,1970-01-01 00:00:00.000000016,False,2014.076923076923,13,,0.6923076923076923,3.0,,0.0,0.0,10.0625,1,0.75,1
A-ccb686,Basic,DevTools,1970-01-01 00:00:00.000000010,False,1795.0833333333333,12,159.0,0.6666666666666666,1.0,,0.0,0.0,10.3,1,0.6571428571428571,1
A-118f1c,Pro,Cybersecurity,1970-01-01 00:00:00.000000032,False,6520.0,8,6.0,0.625,1.0,,0.0,0.0,9.710526315789474,1,0.3684210526315789,1
A-0e966d,Basic,FinTech,1970-01-01 00:00:00.000000011,True,1131.3636363636363,11,4.0,0.8181818181818182,3.0,,0.0,0.0,9.9375,1,0.53125,0
A-b9f5b1,Pro,Cybersecurity,1970-01-01 00:00:00.000000015,False,1010.2857142857143,7,148.0,0.7142857142857143,6.0,,0.0,0.0,10.233333333333333,1,0.4,1
A-8ae3fc,Pro,DevTools,1970-01-01 00:00:00.000000009,False,555.875,8,,1.0,4.0,,0.0,0.0,10.307692307692308,1,0.7692307692307693,1
A-55f257,Basic,FinTech,1970-01-01 00:00:00.000000009,False,1213.7,10,,0.8,6.0,,0.0,0.0,8.981132075471699,1,0.4716981132075472,0
A-d26ab4,Basic,DevTools,1970-01-01 00:00:00.000000009,True,1845.888888888889,9,17.0,0.7777777777777778,2.0,,0.0,0.0,9.956521739130435,1,0.5217391304347826,1
A-712533,Pro,EdTech,1970-01-01 00:00:00.000000018,False,1615.1666666666667,12,,0.9166666666666666,5.0,,0.0,0.0,10.381818181818181,1,0.6363636363636364,1
A-781cc0,Pro,EdTech,1970-01-01 00:00:00.000000012,False,1144.6875,16,33.5,0.6875,4.0,,0.0,0.0,9.931034482758621,1,0.4827586206896552,1
